Name,IconSWF,IconExportName,LocalizedName,SortOrder,Enabled,EnabledCN,FileName,TestLanguage,UsedSystemFont,PreferedFallbackFont,ForcedFontFullName,HelpshiftSDKLanguage,HelpshiftSDKLanguageAndroid,TestExcludes,LoadAllLanguages,ChampionshipRegisterUrl,ChampionshipRegisterUrl_cn,TermsAndServiceUrl,ParentsGuideUrl,PrivacyPolicyUrl,LaserboxUrl,LaserboxUrlCN,LaserboxStagingUrl,LaserboxStagingUrlCN,LaserboxCommunityUrl,LaserboxCommunityUrlCN,LaserboxCommunityStagingUrl,LaserboxCommunityStagingUrlCN,LaserboxLangCode,FaqUrl_ios,FaqUrl_ios_cn,FaqUrl_android,FaqUrl_android_cn,ContactUsUrl_ios,ContactUsUrl_ios_cn,ContactUsUrl_android,ContactUsUrl_android_cn,LaserboxEnabled,IsRTL,isNounAdj,SeparateThousandsWithSpaces,SelfHelpUrl,SelfHelpUrlCN,FallbackToHelpshift,FallbackToHelpshiftCN,TermsAndServiceUrl_Tencent_android,ParentsGuideUrl_Tencent_android,PrivacyPolicyUrl_Tencent_android,TermsAndServiceUrl_Tencent_ios,ParentsGuideUrl_Tencent_ios,PrivacyPolicyUrl_Tencent_ios,TermsAndServiceUrl_Yoozoo,ParentsGuideUrl_Yoozoo,PrivacyPolicyUrl_Yoozoo,DeviceMigrationSelfHelpUrl
String,String,String,String,int,Boolean,Boolean,String,Boolean,String,String,String,String,String,String,Boolean,String,String,String,String,String,String,String,String,String,String,String,String,String,String,String,String,String,String,String,String,String,String,Boolean,Boolean,Boolean,Boolean,String,String,Boolean,Boolean,String,String,String,String,String,String,String,String,String,String
EN,sc/characters.sc,flag_gb,English,0,true,true,localization/texts.csv,,,,,en,,,,http://www.supr.cl/bsc,https://www.bsesports.cn/bscrule.html,http://supercell.com/en/terms-of-service/,http://www.supercell.com/en/parents/,http://www.supercell.com/en/privacy-policy/,https://inbox.brawlstars.com/,https://brawlstars.scinbox.qq.com/,https://staging.inbox.brawlstars.com/,https://testbrawlstars.scinbox.qq.com/,https://inbox.brawlstars.com/community/,,https://staging.inbox.brawlstars.com/community/,,,https://supercell.helpshift.com/a/brawl-stars/?p=ios&l=en,https://supercell.helpshift.com/a/brawl-stars-china/?p=ios&l=zh,https://supercell.helpshift.com/a/brawl-stars/?p=android&l=en,https://supercell.helpshift.com/a/brawl-stars-china/?p=android&l=zh,https://supercell.helpshift.com/a/brawl-stars/?p=ios&contact=1&l=en,https://supercell.helpshift.com/a/brawl-stars-china/?p=ios&contact=1&l=zh,https://supercell.helpshift.com/a/brawl-stars/?p=android&contact=1&l=en,https://supercell.helpshift.com/a/brawl-stars-china/?p=android&contact=1&l=zh,,,,,https://ingame.help.supercellsupport.com/brawl-stars/en/index.html,https://game-assets.tencent-cloud.com/self-help/brawl-stars/en/index.html,,,http://game.qq.com/contract_en.shtml,https://game.qq.com/privacy_guide_children.shtml,http://game.qq.com/privacy_guide_en.shtml,http://game.qq.com/contract_en.shtml,https://game.qq.com/privacy_guide_children.shtml,http://game.qq.com/privacy_guide_en.shtml,https://m.youzu.com/about/services.html?noheader=100&cid=m_bs_service,,https://m.youzu.com/about/privacy.html?noheader=100&cid=m_bs_privacy,https://game-assets.tencent-cloud.com/self-help/brawl-stars/en/account/index.html
CN,sc/characters.sc,flag_gb,简体中文,5,true,true,localization/cn.csv,,STHeitiSC-Medium,,,zh-Hans,zh_CN,,,http://www.supr.cl/bsc,https://www.bsesports.cn/bscrule.html,http://supercell.com/en/terms-of-service/cn,http://www.supercell.com/en/parents/cn,http://www.supercell.com/en/privacy-policy/cn,https://inbox.brawlstars.com/,https://brawlstars.scinbox.qq.com/,https://staging.inbox.brawlstars.com/,https://testbrawlstars.scinbox.qq.com/,https://inbox.brawlstars.com/community/,,https://staging.inbox.brawlstars.com/community/,,,https://supercell.helpshift.com/a/brawl-stars/?p=ios&l=zh,https://supercell.helpshift.com/a/brawl-stars-china/?p=ios&l=zh,https://supercell.helpshift.com/a/brawl-stars/?p=android&l=zh,https://supercell.helpshift.com/a/brawl-stars-china/?p=android&l=zh,https://supercell.helpshift.com/a/brawl-stars/?p=ios&contact=1&l=zh,https://supercell.helpshift.com/a/brawl-stars-china/?p=ios&contact=1&l=zh,https://supercell.helpshift.com/a/brawl-stars/?p=android&contact=1&l=zh,https://supercell.helpshift.com/a/brawl-stars-china/?p=android&contact=1&l=zh,,,,,https://ingame.help.supercellsupport.com/brawl-stars/zh_cn/index.html,https://game-assets.tencent-cloud.com/self-help/brawl-stars/zh_cn/index.html,,,http://game.qq.com/contract.shtml,https://game.qq.com/privacy_guide_children.shtml,http://game.qq.com/privacy_guide.shtml,http://game.qq.com/contract.shtml,https://game.qq.com/privacy_guide_children.shtml,http://game.qq.com/privacy_guide.shtml,https://m.youzu.com/about/services.html?noheader=100&cid=m_bs_service,,https://m.youzu.com/about/privacy.html?noheader=100&cid=m_bs_privacy,https://game-assets.tencent-cloud.com/self-help/brawl-stars/zh_cn/account/index.html
AR,sc/characters.sc,flag_gb,العربية,18,true,false,localization/ar.csv,,,,,ar,,,,http://www.supr.cl/bsc,https://www.bsesports.cn/bscrule.html,http://supercell.com/en/terms-of-service/ar/,http://www.supercell.com/en/parents/ar/,http://www.supercell.com/en/privacy-policy/ar/,https://inbox.brawlstars.com/,,https://staging.inbox.brawlstars.com/ar/,,https://inbox.brawlstars.com/ar/community/,,https://staging.inbox.brawlstars.com/ar/community/,,ar,https://supercell.helpshift.com/a/brawl-stars/?p=ios&l=ar,https://supercell.helpshift.com/a/brawl-stars-china/?p=ios&l=zh,https://supercell.helpshift.com/a/brawl-stars/?p=android&l=ar,https://supercell.helpshift.com/a/brawl-stars-china/?p=android&l=zh,https://supercell.helpshift.com/a/brawl-stars/?p=ios&contact=1&l=ar,https://supercell.helpshift.com/a/brawl-stars-china/?p=ios&contact=1&l=zh,https://supercell.helpshift.com/a/brawl-stars/?p=android&contact=1&l=ar,https://supercell.helpshift.com/a/brawl-stars-china/?p=android&contact=1&l=zh,,TRUE,,,https://ingame.help.supercellsupport.com/brawl-stars/ar/index.html,,,TRUE,,,,,,,,,,
FR,sc/characters.sc,flag_gb,Français,1,true,false,localization/fr.csv,,,,,fr,,,,http://www.supr.cl/bsc,https://www.bsesports.cn/bscrule.html,http://supercell.com/en/terms-of-service/fr,http://www.supercell.com/en/parents/,http://www.supercell.com/en/privacy-policy/fr,https://inbox.brawlstars.com/fr/,,https://staging.inbox.brawlstars.com/fr/,,https://inbox.brawlstars.com/fr/community/,,https://staging.inbox.brawlstars.com/fr/community/,,fr,https://supercell.helpshift.com/a/brawl-stars/?p=ios&l=fr,https://supercell.helpshift.com/a/brawl-stars-china/?p=ios&l=zh,https://supercell.helpshift.com/a/brawl-stars/?p=android&l=fr,https://supercell.helpshift.com/a/brawl-stars-china/?p=android&l=zh,https://supercell.helpshift.com/a/brawl-stars/?p=ios&contact=1&l=fr,https://supercell.helpshift.com/a/brawl-stars-china/?p=ios&contact=1&l=zh,https://supercell.helpshift.com/a/brawl-stars/?p=android&contact=1&l=fr,https://supercell.helpshift.com/a/brawl-stars-china/?p=android&contact=1&l=zh,,,TRUE,TRUE,https://ingame.help.supercellsupport.com/brawl-stars/fr/index.html,,,TRUE,,,,,,,,,,
DOUBLE,sc/characters.sc,flag_gb,Double,101,false,false,localization/texts.csv,TRUE,,,,en,,,,http://www.supr.cl/bsc,https://www.bsesports.cn/bscrule.html,http://supercell.com/en/terms-of-service/,http://www.supercell.com/en/parents/,http://www.supercell.com/en/privacy-policy/,https://inbox.brawlstars.com/,,https://staging.inbox.brawlstars.com/,,https://inbox.brawlstars.com/community/,,https://staging.inbox.brawlstars.com/community/,,,https://supercell.helpshift.com/a/brawl-stars/?p=ios&l=en,https://supercell.helpshift.com/a/brawl-stars-china/?p=ios&l=zh,https://supercell.helpshift.com/a/brawl-stars/?p=android&l=en,https://supercell.helpshift.com/a/brawl-stars-china/?p=android&l=zh,https://supercell.helpshift.com/a/brawl-stars/?p=ios&contact=1&l=en,https://supercell.helpshift.com/a/brawl-stars-china/?p=ios&contact=1&l=zh,https://supercell.helpshift.com/a/brawl-stars/?p=android&contact=1&l=en,https://supercell.helpshift.com/a/brawl-stars-china/?p=android&contact=1&l=zh,,,,,https://ingame.help.supercellsupport.com/brawl-stars/en/index.html,,,TRUE,,,,,,,,,,
EMPTY,sc/characters.sc,flag_gb,Empty,102,false,false,localization/texts.csv,TRUE,,,,en,,,,http://www.supr.cl/bsc,https://www.bsesports.cn/bscrule.html,http://supercell.com/en/terms-of-service/,http://www.supercell.com/en/parents/,http://www.supercell.com/en/privacy-policy/,https://inbox.brawlstars.com/,,https://staging.inbox.brawlstars.com/,,https://inbox.brawlstars.com/community/,,https://staging.inbox.brawlstars.com/community/,,,https://supercell.helpshift.com/a/brawl-stars/?p=ios&l=en,https://supercell.helpshift.com/a/brawl-stars-china/?p=ios&l=zh,https://supercell.helpshift.com/a/brawl-stars/?p=android&l=en,https://supercell.helpshift.com/a/brawl-stars-china/?p=android&l=zh,https://supercell.helpshift.com/a/brawl-stars/?p=ios&contact=1&l=en,https://supercell.helpshift.com/a/brawl-stars-china/?p=ios&contact=1&l=zh,https://supercell.helpshift.com/a/brawl-stars/?p=android&contact=1&l=en,https://supercell.helpshift.com/a/brawl-stars-china/?p=android&contact=1&l=zh,,,,,https://ingame.help.supercellsupport.com/brawl-stars/en/index.html,,,TRUE,,,,,,,,,,
DOUBLEDOUBLE,sc/characters.sc,flag_gb,DoubleDouble,103,false,false,localization/texts.csv,TRUE,,,,en,,,,http://www.supr.cl/bsc,https://www.bsesports.cn/bscrule.html,http://supercell.com/en/terms-of-service/,http://www.supercell.com/en/parents/,http://www.supercell.com/en/privacy-policy/,https://inbox.brawlstars.com/,,https://staging.inbox.brawlstars.com/,,https://inbox.brawlstars.com/community/,,https://staging.inbox.brawlstars.com/community/,,,https://supercell.helpshift.com/a/brawl-stars/?p=ios&l=en,https://supercell.helpshift.com/a/brawl-stars-china/?p=ios&l=zh,https://supercell.helpshift.com/a/brawl-stars/?p=android&l=en,https://supercell.helpshift.com/a/brawl-stars-china/?p=android&l=zh,https://supercell.helpshift.com/a/brawl-stars/?p=ios&contact=1&l=en,https://supercell.helpshift.com/a/brawl-stars-china/?p=ios&contact=1&l=zh,https://supercell.helpshift.com/a/brawl-stars/?p=android&contact=1&l=en,https://supercell.helpshift.com/a/brawl-stars-china/?p=android&contact=1&l=zh,,,,,https://ingame.help.supercellsupport.com/brawl-stars/en/index.html,,,TRUE,,,,,,,,,,
TEXT,sc/characters.sc,flag_gb,Longest text,104,false,false,localization/texts.csv,TRUE,,,,en,,CN,TRUE,http://www.supr.cl/bsc,https://www.bsesports.cn/bscrule.html,http://supercell.com/en/terms-of-service/,http://www.supercell.com/en/parents/,http://www.supercell.com/en/privacy-policy/,https://inbox.brawlstars.com/,,https://staging.inbox.brawlstars.com/,,https://inbox.brawlstars.com/community/,,https://staging.inbox.brawlstars.com/community/,,,https://supercell.helpshift.com/a/brawl-stars/?p=ios&l=en,https://supercell.helpshift.com/a/brawl-stars-china/?p=ios&l=zh,https://supercell.helpshift.com/a/brawl-stars/?p=android&l=en,https://supercell.helpshift.com/a/brawl-stars-china/?p=android&l=zh,https://supercell.helpshift.com/a/brawl-stars/?p=ios&contact=1&l=en,https://supercell.helpshift.com/a/brawl-stars-china/?p=ios&contact=1&l=zh,https://supercell.helpshift.com/a/brawl-stars/?p=android&contact=1&l=en,https://supercell.helpshift.com/a/brawl-stars-china/?p=android&contact=1&l=zh,,,,,https://ingame.help.supercellsupport.com/brawl-stars/en/index.html,,,TRUE,,,,,,,,,,
,,,,,,,,,,,,,,CNT,,,,,,,,,,,,,,,,,,,,,,,,,,,,,,,,,,,,,,,,,
,,,,,,,,,,,,,,KR,,,,,,,,,,,,,,,,,,,,,,,,,,,,,,,,,,,,,,,,,
,,,,,,,,,,,,,,AR,,,,,,,,,,,,,,,,,,,,,,,,,,,,,,,,,,,,,,,,,
,,,,,,,,,,,,,,JP,,,,,,,,,,,,,,,,,,,,,,,,,,,,,,,,,,,,,,,,,
,,,,,,,,,,,,,,TH,,,,,,,,,,,,,,,,,,,,,,,,,,,,,,,,,,,,,,,,,
WORD,sc/characters.sc,flag_gb,Longest Word,105,false,false,localization/texts.csv,TRUE,,,,en,,CN,TRUE,http://www.supr.cl/bsc,https://www.bsesports.cn/bscrule.html,http://supercell.com/en/terms-of-service/,http://www.supercell.com/en/parents/,http://www.supercell.com/en/privacy-policy/,https://inbox.brawlstars.com/,,https://staging.inbox.brawlstars.com/,,https://inbox.brawlstars.com/community/,,https://staging.inbox.brawlstars.com/community/,,,https://supercell.helpshift.com/a/brawl-stars/?p=ios&l=en,https://supercell.helpshift.com/a/brawl-stars-china/?p=ios&l=zh,https://supercell.helpshift.com/a/brawl-stars/?p=android&l=en,https://supercell.helpshift.com/a/brawl-stars-china/?p=android&l=zh,https://supercell.helpshift.com/a/brawl-stars/?p=ios&contact=1&l=en,https://supercell.helpshift.com/a/brawl-stars-china/?p=ios&contact=1&l=zh,https://supercell.helpshift.com/a/brawl-stars/?p=android&contact=1&l=en,https://supercell.helpshift.com/a/brawl-stars-china/?p=android&contact=1&l=zh,,,,,https://ingame.help.supercellsupport.com/brawl-stars/en/index.html,,,TRUE,,,,,,,,,,
,,,,,,,,,,,,,,CNT,,,,,,,,,,,,,,,,,,,,,,,,,,,,,,,,,,,,,,,,,
,,,,,,,,,,,,,,KR,,,,,,,,,,,,,,,,,,,,,,,,,,,,,,,,,,,,,,,,,
,,,,,,,,,,,,,,AR,,,,,,,,,,,,,,,,,,,,,,,,,,,,,,,,,,,,,,,,,
,,,,,,,,,,,,,,JP,,,,,,,,,,,,,,,,,,,,,,,,,,,,,,,,,,,,,,,,,
,,,,,,,,,,,,,,TH,,,,,,,,,,,,,,,,,,,,,,,,,,,,,,,,,,,,,,,,,
DE,sc/characters.sc,flag_gb,Deutsch,2,true,false,localization/de.csv,,,,,de,,,,http://www.supr.cl/bsc,https://www.bsesports.cn/bscrule.html,http://supercell.com/en/terms-of-service/de,http://www.supercell.com/en/parents/,http://www.supercell.com/en/privacy-policy/de,https://inbox.brawlstars.com/de/,,https://staging.inbox.brawlstars.com/de/,,https://inbox.brawlstars.com/de/community/,,https://staging.inbox.brawlstars.com/de/community/,,de,https://supercell.helpshift.com/a/brawl-stars/?p=ios&l=de,https://supercell.helpshift.com/a/brawl-stars-china/?p=ios&l=zh,https://supercell.helpshift.com/a/brawl-stars/?p=android&l=de,https://supercell.helpshift.com/a/brawl-stars-china/?p=android&l=zh,https://supercell.helpshift.com/a/brawl-stars/?p=ios&contact=1&l=de,https://supercell.helpshift.com/a/brawl-stars-china/?p=ios&contact=1&l=zh,https://supercell.helpshift.com/a/brawl-stars/?p=android&contact=1&l=de,https://supercell.helpshift.com/a/brawl-stars-china/?p=android&contact=1&l=zh,,,,TRUE,https://ingame.help.supercellsupport.com/brawl-stars/de/index.html,,,TRUE,,,,,,,,,,
ES,sc/characters.sc,flag_gb,Español,3,true,false,localization/es.csv,,,,,es,,,,http://www.supr.cl/bsc,https://www.bsesports.cn/bscrule.html,http://supercell.com/en/terms-of-service/es,http://www.supercell.com/en/parents/,http://www.supercell.com/en/privacy-policy/es,https://inbox.brawlstars.com/es/,,https://staging.inbox.brawlstars.com/es/,,https://inbox.brawlstars.com/es/community/,,https://staging.inbox.brawlstars.com/es/community/,,es,https://supercell.helpshift.com/a/brawl-stars/?p=ios&l=es,https://supercell.helpshift.com/a/brawl-stars-china/?p=ios&l=zh,https://supercell.helpshift.com/a/brawl-stars/?p=android&l=es,https://supercell.helpshift.com/a/brawl-stars-china/?p=android&l=zh,https://supercell.helpshift.com/a/brawl-stars/?p=ios&contact=1&l=es,https://supercell.helpshift.com/a/brawl-stars-china/?p=ios&contact=1&l=zh,https://supercell.helpshift.com/a/brawl-stars/?p=android&contact=1&l=es,https://supercell.helpshift.com/a/brawl-stars-china/?p=android&contact=1&l=zh,,,,,https://ingame.help.supercellsupport.com/brawl-stars/es/index.html,,,TRUE,,,,,,,,,,
IT,sc/characters.sc,flag_gb,Italiano,4,true,false,localization/it.csv,,,,,it,,,,http://www.supr.cl/bsc,https://www.bsesports.cn/bscrule.html,http://supercell.com/en/terms-of-service/it,http://www.supercell.com/en/parents/,http://www.supercell.com/en/privacy-policy/it,https://inbox.brawlstars.com/it/,,https://staging.inbox.brawlstars.com/it/,,https://inbox.brawlstars.com/it/community/,,https://staging.inbox.brawlstars.com/it/community/,,it,https://supercell.helpshift.com/a/brawl-stars/?p=ios&l=it,https://supercell.helpshift.com/a/brawl-stars-china/?p=ios&l=zh,https://supercell.helpshift.com/a/brawl-stars/?p=android&l=it,https://supercell.helpshift.com/a/brawl-stars-china/?p=android&l=zh,https://supercell.helpshift.com/a/brawl-stars/?p=ios&contact=1&l=it,https://supercell.helpshift.com/a/brawl-stars-china/?p=ios&contact=1&l=zh,https://supercell.helpshift.com/a/brawl-stars/?p=android&contact=1&l=it,https://supercell.helpshift.com/a/brawl-stars-china/?p=android&contact=1&l=zh,,,,,https://ingame.help.supercellsupport.com/brawl-stars/it/index.html,,,TRUE,,,,,,,,,,
JP,sc/characters.sc,flag_gb,日本語,7,true,false,localization/jp.csv,,HiraKakuProN-W6,,,ja,,,,http://www.supr.cl/bsc,https://www.bsesports.cn/bscrule.html,http://supercell.com/en/terms-of-service/jp,http://www.supercell.com/en/parents/jp,http://www.supercell.com/en/privacy-policy/jp,https://inbox.brawlstars.com/ja/,,https://staging.inbox.brawlstars.com/ja/,,https://inbox.brawlstars.com/ja/community/,,https://staging.inbox.brawlstars.com/ja/community/,,ja,https://supercell.helpshift.com/a/brawl-stars/?p=ios&l=ja,https://supercell.helpshift.com/a/brawl-stars-china/?p=ios&l=zh,https://supercell.helpshift.com/a/brawl-stars/?p=android&l=ja,https://supercell.helpshift.com/a/brawl-stars-china/?p=android&l=zh,https://supercell.helpshift.com/a/brawl-stars/?p=ios&contact=1&l=ja,https://supercell.helpshift.com/a/brawl-stars-china/?p=ios&contact=1&l=zh,https://supercell.helpshift.com/a/brawl-stars/?p=android&contact=1&l=ja,https://supercell.helpshift.com/a/brawl-stars-china/?p=android&contact=1&l=zh,,,,,https://ingame.help.supercellsupport.com/brawl-stars/ja/index.html,,,TRUE,,,,,,,,,,
CNT,sc/characters.sc,flag_gb,繁體中文,6,true,false,localization/cnt.csv,,STHeitiSC-Medium,,,zh-Hant,zh_TW,,,http://www.supr.cl/bsc,https://www.bsesports.cn/bscrule.html,http://supercell.com/en/terms-of-service/tw,http://www.supercell.com/en/parents/tw,http://www.supercell.com/en/privacy-policy/tw,https://inbox.brawlstars.com/zh/,,https://staging.inbox.brawlstars.com/zh/,,https://inbox.brawlstars.com/community/,,https://staging.inbox.brawlstars.com/community/,,zh,https://supercell.helpshift.com/a/brawl-stars/?p=ios&l=zh-hant,https://supercell.helpshift.com/a/brawl-stars-china/?p=ios&l=zh,https://supercell.helpshift.com/a/brawl-stars/?p=android&l=zh-hant,https://supercell.helpshift.com/a/brawl-stars-china/?p=android&l=zh,https://supercell.helpshift.com/a/brawl-stars/?p=ios&contact=1&l=zh-hant,https://supercell.helpshift.com/a/brawl-stars-china/?p=ios&contact=1&l=zh,https://supercell.helpshift.com/a/brawl-stars/?p=android&contact=1&l=zh-hant,https://supercell.helpshift.com/a/brawl-stars-china/?p=android&contact=1&l=zh,,,,,https://ingame.help.supercellsupport.com/brawl-stars/zh/index.html,,,TRUE,,,,,,,,,,
KR,sc/characters.sc,flag_gb,한국어,8,true,false,localization/kr.csv,,,,,ko,,,,http://www.supr.cl/bsc,https://www.bsesports.cn/bscrule.html,http://supercell.com/en/terms-of-service/ko,http://www.supercell.com/en/parents/ko,http://www.supercell.com/en/privacy-policy/ko,https://inbox.brawlstars.com/ko/,,https://staging.inbox.brawlstars.com/ko/,,https://inbox.brawlstars.com/ko/community/,,https://staging.inbox.brawlstars.com/ko/community/,,ko,https://supercell.helpshift.com/a/brawl-stars/?p=ios&l=ko,https://supercell.helpshift.com/a/brawl-stars-china/?p=ios&l=zh,https://supercell.helpshift.com/a/brawl-stars/?p=android&l=ko,https://supercell.helpshift.com/a/brawl-stars-china/?p=android&l=zh,https://supercell.helpshift.com/a/brawl-stars/?p=ios&contact=1&l=ko,https://supercell.helpshift.com/a/brawl-stars-china/?p=ios&contact=1&l=zh,https://supercell.helpshift.com/a/brawl-stars/?p=android&contact=1&l=ko,https://supercell.helpshift.com/a/brawl-stars-china/?p=android&contact=1&l=zh,,,,,https://ingame.help.supercellsupport.com/brawl-stars/ko/index.html,,,TRUE,,,,,,,,,,
NL,sc/characters.sc,flag_gb,Nederlands,11,true,false,localization/nl.csv,,,,,nl,,,,http://www.supr.cl/bsc,https://www.bsesports.cn/bscrule.html,http://supercell.com/en/terms-of-service/,http://www.supercell.com/en/parents/,http://www.supercell.com/en/privacy-policy/,https://inbox.brawlstars.com/,,https://staging.inbox.brawlstars.com/nl/,,https://inbox.brawlstars.com/nl/community/,,https://staging.inbox.brawlstars.com/nl/community/,,nl,https://supercell.helpshift.com/a/brawl-stars/?p=ios&l=nl,https://supercell.helpshift.com/a/brawl-stars-china/?p=ios&l=zh,https://supercell.helpshift.com/a/brawl-stars/?p=android&l=nl,https://supercell.helpshift.com/a/brawl-stars-china/?p=android&l=zh,https://supercell.helpshift.com/a/brawl-stars/?p=ios&contact=1&l=nl,https://supercell.helpshift.com/a/brawl-stars-china/?p=ios&contact=1&l=zh,https://supercell.helpshift.com/a/brawl-stars/?p=android&contact=1&l=nl,https://supercell.helpshift.com/a/brawl-stars-china/?p=android&contact=1&l=zh,,,,,https://ingame.help.supercellsupport.com/brawl-stars/nl/index.html,,,TRUE,,,,,,,,,,
PT,sc/characters.sc,flag_gb,Português,9,true,false,localization/pt.csv,,,,,pt,pt_Br,,,http://www.supr.cl/bsc,https://www.bsesports.cn/bscrule.html,http://supercell.com/en/terms-of-service/pt,http://www.supercell.com/en/parents/,http://www.supercell.com/en/privacy-policy/pt,https://inbox.brawlstars.com/pt/,,https://staging.inbox.brawlstars.com/pt/,,https://inbox.brawlstars.com/pt/community/,,https://staging.inbox.brawlstars.com/pt/community/,,pt,https://supercell.helpshift.com/a/brawl-stars/?p=ios&l=pt,https://supercell.helpshift.com/a/brawl-stars-china/?p=ios&l=zh,https://supercell.helpshift.com/a/brawl-stars/?p=android&l=pt,https://supercell.helpshift.com/a/brawl-stars-china/?p=android&l=zh,https://supercell.helpshift.com/a/brawl-stars/?p=ios&contact=1&l=pt,https://supercell.helpshift.com/a/brawl-stars-china/?p=ios&contact=1&l=zh,https://supercell.helpshift.com/a/brawl-stars/?p=android&contact=1&l=pt,https://supercell.helpshift.com/a/brawl-stars-china/?p=android&contact=1&l=zh,,,,,https://ingame.help.supercellsupport.com/brawl-stars/pt/index.html,,,TRUE,,,,,,,,,,
RU,sc/characters.sc,flag_gb,Pусский,10,true,false,localization/ru.csv,,,,,ru,,,,http://www.supr.cl/bsc,https://www.bsesports.cn/bscrule.html,http://supercell.com/en/terms-of-service/ru,http://www.supercell.com/en/parents/,http://www.supercell.com/en/privacy-policy/ru,https://inbox.brawlstars.com/ru/,,https://staging.inbox.brawlstars.com/ru/,,https://inbox.brawlstars.com/ru/community/,,https://staging.inbox.brawlstars.com/ru/community/,,ru,https://supercell.helpshift.com/a/brawl-stars/?p=ios&l=ru,https://supercell.helpshift.com/a/brawl-stars-china/?p=ios&l=zh,https://supercell.helpshift.com/a/brawl-stars/?p=android&l=ru,https://supercell.helpshift.com/a/brawl-stars-china/?p=android&l=zh,https://supercell.helpshift.com/a/brawl-stars/?p=ios&contact=1&l=ru,https://supercell.helpshift.com/a/brawl-stars-china/?p=ios&contact=1&l=zh,https://supercell.helpshift.com/a/brawl-stars/?p=android&contact=1&l=ru,https://supercell.helpshift.com/a/brawl-stars-china/?p=android&contact=1&l=zh,,,,TRUE,https://ingame.help.supercellsupport.com/brawl-stars/ru/index.html,,,TRUE,,,,,,,,,,
TR,sc/characters.sc,flag_gb,Türkçe,12,true,false,localization/tr.csv,,,,,tr,,,,http://www.supr.cl/bsc,https://www.bsesports.cn/bscrule.html,http://supercell.com/en/terms-of-service/tr,http://www.supercell.com/en/parents/,http://www.supercell.com/en/privacy-policy/tr,https://inbox.brawlstars.com/tr/,,https://staging.inbox.brawlstars.com/tr/,,https://inbox.brawlstars.com/tr/community/,,https://staging.inbox.brawlstars.com/tr/community/,,tr,https://supercell.helpshift.com/a/brawl-stars/?p=ios&l=tr,https://supercell.helpshift.com/a/brawl-stars-china/?p=ios&l=zh,https://supercell.helpshift.com/a/brawl-stars/?p=android&l=tr,https://supercell.helpshift.com/a/brawl-stars-china/?p=android&l=zh,https://supercell.helpshift.com/a/brawl-stars/?p=ios&contact=1&l=tr,https://supercell.helpshift.com/a/brawl-stars-china/?p=ios&contact=1&l=zh,https://supercell.helpshift.com/a/brawl-stars/?p=android&contact=1&l=tr,https://supercell.helpshift.com/a/brawl-stars-china/?p=android&contact=1&l=zh,,,,,https://ingame.help.supercellsupport.com/brawl-stars/tr/index.html,,,TRUE,,,,,,,,,,
ID,sc/characters.sc,flag_gb,Bahasa Indonesia,17,true,false,localization/id.csv,,,,,id,,,,http://www.supr.cl/bsc,https://www.bsesports.cn/bscrule.html,http://supercell.com/en/terms-of-service/,http://www.supercell.com/en/parents/id,http://www.supercell.com/en/privacy-policy/,https://inbox.brawlstars.com/id/,,https://staging.inbox.brawlstars.com/id/,,https://inbox.brawlstars.com/id/community/,,https://staging.inbox.brawlstars.com/id/community/,,id,https://supercell.helpshift.com/a/brawl-stars/?p=ios&l=id,https://supercell.helpshift.com/a/brawl-stars-china/?p=ios&l=zh,https://supercell.helpshift.com/a/brawl-stars/?p=android&l=id,https://supercell.helpshift.com/a/brawl-stars-china/?p=android&l=zh,https://supercell.helpshift.com/a/brawl-stars/?p=ios&contact=1&l=id,https://supercell.helpshift.com/a/brawl-stars-china/?p=ios&contact=1&l=zh,https://supercell.helpshift.com/a/brawl-stars/?p=android&contact=1&l=id,https://supercell.helpshift.com/a/brawl-stars-china/?p=android&contact=1&l=zh,,,,,https://ingame.help.supercellsupport.com/brawl-stars/id/index.html,,,TRUE,,,,,,,,,,
MS,sc/characters.sc,flag_gb,Bahasa Melayu,14,true,false,localization/ms.csv,,,,,ms,,,,http://www.supr.cl/bsc,https://www.bsesports.cn/bscrule.html,http://supercell.com/en/terms-of-service/,http://www.supercell.com/en/parents/ms,http://www.supercell.com/en/privacy-policy/,https://inbox.brawlstars.com/,,https://staging.inbox.brawlstars.com/ms/,,https://inbox.brawlstars.com/ms/community/,,https://staging.inbox.brawlstars.com/ms/community/,,ms,https://supercell.helpshift.com/a/brawl-stars/?p=ios&l=ms,https://supercell.helpshift.com/a/brawl-stars-china/?p=ios&l=zh,https://supercell.helpshift.com/a/brawl-stars/?p=android&l=ms,https://supercell.helpshift.com/a/brawl-stars-china/?p=android&l=zh,https://supercell.helpshift.com/a/brawl-stars/?p=ios&contact=1&l=ms,https://supercell.helpshift.com/a/brawl-stars-china/?p=ios&contact=1&l=zh,https://supercell.helpshift.com/a/brawl-stars/?p=android&contact=1&l=ms,https://supercell.helpshift.com/a/brawl-stars-china/?p=android&contact=1&l=zh,,,,,https://ingame.help.supercellsupport.com/brawl-stars/ms/index.html,,,TRUE,,,,,,,,,,
VI,sc/characters.sc,flag_gb,Tiếng Việt,15,true,false,localization/vi.csv,,,,,vi,,,,http://www.supr.cl/bsc,https://www.bsesports.cn/bscrule.html,http://supercell.com/en/terms-of-service/,http://www.supercell.com/en/parents/,http://www.supercell.com/en/privacy-policy/,https://inbox.brawlstars.com/,,https://staging.inbox.brawlstars.com/vi/,,https://inbox.brawlstars.com/vi/community/,,https://staging.inbox.brawlstars.com/vi/community/,,vi,https://supercell.helpshift.com/a/brawl-stars/?p=ios&l=vi,https://supercell.helpshift.com/a/brawl-stars-china/?p=ios&l=zh,https://supercell.helpshift.com/a/brawl-stars/?p=android&l=vi,https://supercell.helpshift.com/a/brawl-stars-china/?p=android&l=zh,https://supercell.helpshift.com/a/brawl-stars/?p=ios&contact=1&l=vi,https://supercell.helpshift.com/a/brawl-stars-china/?p=ios&contact=1&l=zh,https://supercell.helpshift.com/a/brawl-stars/?p=android&contact=1&l=vi,https://supercell.helpshift.com/a/brawl-stars-china/?p=android&contact=1&l=zh,,,,,https://ingame.help.supercellsupport.com/brawl-stars/vi/index.html,,,TRUE,,,,,,,,,,
TH,sc/characters.sc,flag_gb,ภาษาไทย,16,true,false,localization/th.csv,,HelveticaNeue-Bold,,,th,,,,http://www.supr.cl/bsc,https://www.bsesports.cn/bscrule.html,http://supercell.com/en/terms-of-service/,http://www.supercell.com/en/parents/,http://www.supercell.com/en/privacy-policy/,https://inbox.brawlstars.com/,,https://staging.inbox.brawlstars.com/th/,,https://inbox.brawlstars.com/th/community/,,https://staging.inbox.brawlstars.com/th/community/,,th,https://supercell.helpshift.com/a/brawl-stars/?p=ios&l=th,https://supercell.helpshift.com/a/brawl-stars-china/?p=ios&l=zh,https://supercell.helpshift.com/a/brawl-stars/?p=android&l=th,https://supercell.helpshift.com/a/brawl-stars-china/?p=android&l=zh,https://supercell.helpshift.com/a/brawl-stars/?p=ios&contact=1&l=th,https://supercell.helpshift.com/a/brawl-stars-china/?p=ios&contact=1&l=zh,https://supercell.helpshift.com/a/brawl-stars/?p=android&contact=1&l=th,https://supercell.helpshift.com/a/brawl-stars-china/?p=android&contact=1&l=zh,,,,,https://ingame.help.supercellsupport.com/brawl-stars/th/index.html,,,TRUE,,,,,,,,,,
FI,sc/characters.sc,flag_gb,Suomi,13,true,false,localization/fi.csv,,,,,fi,,,,http://www.supr.cl/bsc,https://www.bsesports.cn/bscrule.html,http://supercell.com/en/terms-of-service/fi/,http://supercell.com/en/parents/fi/,http://supercell.com/en/privacy-policy/fi/,https://inbox.brawlstars.com/,,https://staging.inbox.brawlstars.com/fi/,,https://inbox.brawlstars.com/fi/community/,,https://staging.inbox.brawlstars.com/fi/community/,,fi,https://supercell.helpshift.com/a/brawl-stars/?p=ios&l=fi,https://supercell.helpshift.com/a/brawl-stars-china/?p=ios&l=zh,https://supercell.helpshift.com/a/brawl-stars/?p=android&l=fi,https://supercell.helpshift.com/a/brawl-stars-china/?p=android&l=zh,https://supercell.helpshift.com/a/brawl-stars/?p=ios&contact=1&l=fi,https://supercell.helpshift.com/a/brawl-stars-china/?p=ios&contact=1&l=zh,https://supercell.helpshift.com/a/brawl-stars/?p=android&contact=1&l=fi,https://supercell.helpshift.com/a/brawl-stars-china/?p=android&contact=1&l=zh,,,,TRUE,https://ingame.help.supercellsupport.com/brawl-stars/fi/index.html,,,TRUE,,,,,,,,,,
TEXT_ASIA,sc/characters.sc,flag_gb,Longest text Asia,106,false,false,localization/texts.csv,TRUE,,,,en,,EN,TRUE,http://www.supr.cl/bsc,https://www.bsesports.cn/bscrule.html,http://supercell.com/en/terms-of-service/,http://www.supercell.com/en/parents/,http://www.supercell.com/en/privacy-policy/,https://inbox.brawlstars.com/,,https://staging.inbox.brawlstars.com/,,https://inbox.brawlstars.com/community/,,https://staging.inbox.brawlstars.com/community/,,,https://supercell.helpshift.com/a/brawl-stars/?p=ios&l=en,https://supercell.helpshift.com/a/brawl-stars-china/?p=ios&l=zh,https://supercell.helpshift.com/a/brawl-stars/?p=android&l=en,https://supercell.helpshift.com/a/brawl-stars-china/?p=android&l=zh,https://supercell.helpshift.com/a/brawl-stars/?p=ios&contact=1&l=en,https://supercell.helpshift.com/a/brawl-stars-china/?p=ios&contact=1&l=zh,https://supercell.helpshift.com/a/brawl-stars/?p=android&contact=1&l=en,https://supercell.helpshift.com/a/brawl-stars-china/?p=android&contact=1&l=zh,,,,,https://ingame.help.supercellsupport.com/brawl-stars/en/index.html,,,TRUE,,,,,,,,,,
,,,,,,,,,,,,,,ES,,,,,,,,,,,,,,,,,,,,,,,,,,,,,,,,,,,,,,,,,
,,,,,,,,,,,,,,AR,,,,,,,,,,,,,,,,,,,,,,,,,,,,,,,,,,,,,,,,,
,,,,,,,,,,,,,,TR,,,,,,,,,,,,,,,,,,,,,,,,,,,,,,,,,,,,,,,,,
,,,,,,,,,,,,,,ID,,,,,,,,,,,,,,,,,,,,,,,,,,,,,,,,,,,,,,,,,
,,,,,,,,,,,,,,MS,,,,,,,,,,,,,,,,,,,,,,,,,,,,,,,,,,,,,,,,,
,,,,,,,,,,,,,,VI,,,,,,,,,,,,,,,,,,,,,,,,,,,,,,,,,,,,,,,,,
,,,,,,,,,,,,,,NL,,,,,,,,,,,,,,,,,,,,,,,,,,,,,,,,,,,,,,,,,
,,,,,,,,,,,,,,FI,,,,,,,,,,,,,,,,,,,,,,,,,,,,,,,,,,,,,,,,,
,,,,,,,,,,,,,,RU,,,,,,,,,,,,,,,,,,,,,,,,,,,,,,,,,,,,,,,,,
,,,,,,,,,,,,,,PT,,,,,,,,,,,,,,,,,,,,,,,,,,,,,,,,,,,,,,,,,
,,,,,,,,,,,,,,TH,,,,,,,,,,,,,,,,,,,,,,,,,,,,,,,,,,,,,,,,,
WORD_ASIA,sc/characters.sc,flag_gb,Longest Word Asia,107,false,false,localization/texts.csv,TRUE,,,,en,,EN,TRUE,http://www.supr.cl/bsc,https://www.bsesports.cn/bscrule.html,http://supercell.com/en/terms-of-service/,http://www.supercell.com/en/parents/,http://www.supercell.com/en/privacy-policy/,https://inbox.brawlstars.com/,,https://staging.inbox.brawlstars.com/,,https://inbox.brawlstars.com/community/,,https://staging.inbox.brawlstars.com/community/,,,https://supercell.helpshift.com/a/brawl-stars/?p=ios&l=en,https://supercell.helpshift.com/a/brawl-stars-china/?p=ios&l=zh,https://supercell.helpshift.com/a/brawl-stars/?p=android&l=en,https://supercell.helpshift.com/a/brawl-stars-china/?p=android&l=zh,https://supercell.helpshift.com/a/brawl-stars/?p=ios&contact=1&l=en,https://supercell.helpshift.com/a/brawl-stars-china/?p=ios&contact=1&l=zh,https://supercell.helpshift.com/a/brawl-stars/?p=android&contact=1&l=en,https://supercell.helpshift.com/a/brawl-stars-china/?p=android&contact=1&l=zh,,,,,https://ingame.help.supercellsupport.com/brawl-stars/en/index.html,,,TRUE,,,,,,,,,,
,,,,,,,,,,,,,,DE,,,,,,,,,,,,,,,,,,,,,,,,,,,,,,,,,,,,,,,,,
,,,,,,,,,,,,,,FR,,,,,,,,,,,,,,,,,,,,,,,,,,,,,,,,,,,,,,,,,
,,,,,,,,,,,,,,IT,,,,,,,,,,,,,,,,,,,,,,,,,,,,,,,,,,,,,,,,,
,,,,,,,,,,,,,,ES,,,,,,,,,,,,,,,,,,,,,,,,,,,,,,,,,,,,,,,,,
,,,,,,,,,,,,,,AR,,,,,,,,,,,,,,,,,,,,,,,,,,,,,,,,,,,,,,,,,
,,,,,,,,,,,,,,TR,,,,,,,,,,,,,,,,,,,,,,,,,,,,,,,,,,,,,,,,,
,,,,,,,,,,,,,,ID,,,,,,,,,,,,,,,,,,,,,,,,,,,,,,,,,,,,,,,,,
,,,,,,,,,,,,,,MS,,,,,,,,,,,,,,,,,,,,,,,,,,,,,,,,,,,,,,,,,
,,,,,,,,,,,,,,VI,,,,,,,,,,,,,,,,,,,,,,,,,,,,,,,,,,,,,,,,,
,,,,,,,,,,,,,,NL,,,,,,,,,,,,,,,,,,,,,,,,,,,,,,,,,,,,,,,,,
,,,,,,,,,,,,,,FI,,,,,,,,,,,,,,,,,,,,,,,,,,,,,,,,,,,,,,,,,
,,,,,,,,,,,,,,RU,,,,,,,,,,,,,,,,,,,,,,,,,,,,,,,,,,,,,,,,,
,,,,,,,,,,,,,,PT,,,,,,,,,,,,,,,,,,,,,,,,,,,,,,,,,,,,,,,,,
,,,,,,,,,,,,,,TH,,,,,,,,,,,,,,,,,,,,,,,,,,,,,,,,,,,,,,,,,
PL,sc/characters.sc,flag_gb,Polski,19,true,false,localization/pl.csv,,,,,pl,,,,http://www.supr.cl/bsc,https://www.bsesports.cn/bscrule.html,http://supercell.com/en/terms-of-service/,http://www.supercell.com/en/parents/,http://www.supercell.com/en/privacy-policy/,https://inbox.brawlstars.com/pl/,,https://staging.inbox.brawlstars.com/pl/,,https://inbox.brawlstars.com/pl/community/,,https://staging.inbox.brawlstars.com/pl/community/,,pl,https://supercell.helpshift.com/a/brawl-stars/?p=ios&l=en,https://supercell.helpshift.com/a/brawl-stars-china/?p=ios&l=zh,https://supercell.helpshift.com/a/brawl-stars/?p=android&l=en,https://supercell.helpshift.com/a/brawl-stars-china/?p=android&l=zh,https://supercell.helpshift.com/a/brawl-stars/?p=ios&contact=1&l=en,https://supercell.helpshift.com/a/brawl-stars-china/?p=ios&contact=1&l=zh,https://supercell.helpshift.com/a/brawl-stars/?p=android&contact=1&l=en,https://supercell.helpshift.com/a/brawl-stars-china/?p=android&contact=1&l=zh,,,,,https://ingame.help.supercellsupport.com/brawl-stars/en/index.html,,,TRUE,,,,,,,,,,
HE,sc/characters.sc,flag_gb,עברית,20,true,false,localization/he.csv,,,,,iw,,,,http://www.supr.cl/bsc,https://www.bsesports.cn/bscrule.html,http://supercell.com/en/terms-of-service/,http://www.supercell.com/en/parents/,http://www.supercell.com/en/privacy-policy/,https://inbox.brawlstars.com/,,https://staging.inbox.brawlstars.com/,,https://inbox.brawlstars.com/community/,,https://staging.inbox.brawlstars.com/community/,,he,https://supercell.helpshift.com/a/brawl-stars/?p=ios&l=en,https://supercell.helpshift.com/a/brawl-stars-china/?p=ios&l=zh,https://supercell.helpshift.com/a/brawl-stars/?p=android&l=en,https://supercell.helpshift.com/a/brawl-stars-china/?p=android&l=zh,https://supercell.helpshift.com/a/brawl-stars/?p=ios&contact=1&l=en,https://supercell.helpshift.com/a/brawl-stars-china/?p=ios&contact=1&l=zh,https://supercell.helpshift.com/a/brawl-stars/?p=android&contact=1&l=en,https://supercell.helpshift.com/a/brawl-stars-china/?p=android&contact=1&l=zh,,TRUE,,,https://ingame.help.supercellsupport.com/brawl-stars/en/index.html,,,TRUE,,,,,,,,,,
,,,,,,,,,,,,,,,,,,,,,,,,,,,,,,,,,,,,,,,,,,,,,,,,,,,,,,,