Name,ParentProjectileForSkin,Speed,FileName,BlueSCW,RedSCW,BlueExportName,RedExportName,ShadowExportName,BlueGroundGlowExportName,RedGroundGlowExportName,PreExplosionBlueExportName,PreExplosionRedExportName,PreExplosionTimeMs,HitEffectEnv,HitEffectChar,MaxRangeReachedEffect,CancelEffect,Radius,Indirect,ConstantFlyTime,TriggerWithDelayMs,BouncePercent,Gravity,EarlyTicks,HideTime,Scale,RandomStartFrame,SpawnAreaEffectObject,SpawnAreaEffectObject2,SpawnCharacter,SpawnItem,SpawnAreaEffectTrail,TrailEffect,ShotByHero,IsBeam,IsBouncing,DistanceAddFromBounce,MaxDistanceBounces,Rendering,PiercesCharacters,PiercesEnvironment,PiercesEnvironmentLikeButter,PushbackStrength,VariablePushback,DirectionAlignedPushback,ChainsToEnemies,ChainBullets,ChainSpread,ChainTravelDistance,ChainBullet,ExecuteChainSpecialCase,DamagePercentStart,DamagePercentEnd,DamageChangeStartPromille,DamageChangeEndPromille,IgnoreDamageChangeForUltiCharge,DamagesConstantlyTickDelay,FreezeStrength,FreezeDurationMS,StunLengthMS,PartialStunPromille,ScaleStart,ScaleEnd,AttractsPet,LifeStealPercent,PassesEnvironment,PoisonDamagePercent,SuppressHealing,SuppressHealingTicks,DamageOnlyWithOneProj,HealOwnPercent,CanGrowStronger,HideFaster,GrapplesEnemy,KickBack,UseColorMod,RedAdd,GreenAdd,BlueAdd,RedMul,GreenMul,BlueMul,GroundBasis,MinDistanceForSpread,IsFriendlyHomingMissile,IsBoomerang,CanHitAgainAfterBounce,IsHomingMissile,BlockUltiCharge,PoisonType,TravelType,SteerStrength,SteerIgnoreTicks,HomeDistance,SteerLifeTime,VisualizeEndPoint,UniqueProperty,,,,
string,string,int,string,string,string,string,string,string,string,string,string,string,int,string,string,string,string,int,boolean,boolean,int,int,int,int,int,int,int,string,string,string,string,string,string,boolean,boolean,boolean,int,int,string,boolean,boolean,boolean,int,boolean,boolean,int,int,int,int,string,int,int,int,int,int,boolean,int,int,int,int,int,int,int,boolean,int,boolean,int,int,int,boolean,int,boolean,boolean,boolean,int,boolean,int,int,int,int,int,int,boolean,int,boolean,boolean,boolean,boolean,boolean,int,int,int,int,int,int,boolean,int,,,,
ShotgunGirlProjectile,,3100,sc/effects_brawler.sc,,,bullet_shotgun_def_blue_long,bullet_shotgun_def_red_long,shadow_normal_circle,,,,,,Gen_hit,Gen_hit,bull_def_atk_reached,,0,,,,,0,2,0,100,,,,,,,,true,,,,,,,,,,,,,,,,,,,,,,,,,,,,,,,,,,,,,,,,,,,,,,,,,,,,,,,,,,,,,,,,,,,
ShotgunGirlUltiProjectile,,4130,sc/effects_brawler.sc,,,bullet_shotgun_ulti_blue,bullet_shotgun_ulti_red,shadow_normal_circle,,,,,,Gen_hit,Gen_hit,shelly_def_ulti_reached,,50,,,,,0,2,0,100,,,,,,,,true,,,,,,true,true,,70,,,,,,,,,,,,,,,,,,,,,,,,,,,,,,,,,,,,,,,,,,,,,,,,,,,,,,,,,,
Shelly002Projectile,ShotgunGirlProjectile,,sc/effects.sc,,,shelly_attack_anim_blue,shelly_attack_anim_red,shadow_normal_circle,,,,,,Gen_hit,Gen_hit,no_hit,,,,,,,0,,0,100,,,,,,,shotgun_trail_small,true,,,,,,,,,,,,,,,,,,,,,,,,,,,,,,,,,,,,,,,,,,,,,,,,,,,,,,,,,,,,,,,,,,,
Shelly002UltiProjectile,ShotgunGirlUltiProjectile,,sc/effects.sc,,,shelly_ulti_anim_blue,shelly_ulti_anim_red,shadow_normal_circle,,,,,,Gen_hit,Gen_hit,no_hit,,,,,,,0,,0,100,,,,,,,Gen_Trail_small,true,,,,,,,,,,,,,,,,,,,,,,,,,,,,,,,,,,,,,,,,,,,,,,,,,,,,,,,,,,,,,,,,,,,
Shelly003Projectile,ShotgunGirlProjectile,,sc/effects_brawler.sc,,,shelly_003_atk_projectile,shelly_003_atk_projectile_red,shadow_normal_circle,,,,,,shelly_003_atk_hitEnv,shelly_003_atk_hit,shelly_003_atk_reached,,,,,,,0,,0,100,,,,,,,shelly_003_atk_trail,true,,,,,,,,,,,,,,,,,,,,,,,,,,,,,,,,,,,,,,,,,,,,,,,,,,,,,,,,,,,,,,,,,,,
Shelly003UltiProjectile,ShotgunGirlUltiProjectile,,sc/effects_brawler.sc,,,shelly_003_ulti_projectile,shelly_003_ulti_projectile_red,shadow_normal_circle,,,,,,shelly_003_ulti_reached,shelly_003_ulti_hit_red,shelly_003_ulti_reached,,,,,,,0,,0,100,,,,,,,shelly_003_ulti_trail,true,,,,,,,,,,,,,,,,,,,,,,,,,,,,,,,,,,,,,,,,,,,,,,,,,,,,,,,,,,,,,,,,,,,
Shelly004Projectile,ShotgunGirlProjectile,,sc/effects_brawler.sc,,,bullet_shotgun_def_blue_long,shelly_003_atk_projectile_red,,projectile_light,projectile_light_red,,,,shelly_003_atk_hitEnv,shelly_003_atk_hit,,,,,,,,0,,0,100,,,,,,,,true,,,,,,,,,,,,,,,,,,,,,,,,,,,,,,,,,,,,,,,,,,,,,,,,,,,,,,,,,,,,,,,,,,,
Shelly004UltiProjectile,ShotgunGirlUltiProjectile,,sc/effects_brawler.sc,,,shelly_003_ulti_projectile,shelly_003_ulti_projectile_red,shadow_normal_circle,,,,,,shelly_003_ulti_reached,shelly_003_ulti_hit_red,shelly_003_ulti_reached,,,,,,,0,,0,100,,,,,,,shelly_003_ulti_trail,true,,,,,,,,,,,,,,,,,,,,,,,,,,,,,,,,,,,,,,,,,,,,,,,,,,,,,,,,,,,,,,,,,,,
GunslingerProjectile,,3804,sc/effects_brawler.sc,,,bullet_pistol_def_atk_blue,bullet_pistol_def_atk_red,shadow_normal_circle,,,,,,Gen_hit,Gen_hit,colt_def_atk_reached,,50,,,,,0,2,0,130,,,,,,,,true,,,,,,,,,,,,,,,,,,,,,,,,,,,,,,,,,,,,,,,,,,,,,,,,,,,,,,,,,,,,,,,,,,,
GunslingerUltiProjectile,,4891,sc/effects_brawler.sc,,,bullet_pistol_def_ulti_blue,bullet_pistol_def_ulti_red,shadow_normal_circle,,,,,,Gen_hit,Gen_hit,colt_def_ulti_reached,,101,,,,,0,2,0,125,,,,,,,,true,,,,,,true,true,,,,,,,,,,,,,,,,,,,,,,,,,,,,,,,,,,,,,,,,,,,,,,,,,,,,,,,,,,,,
Colt002Projectile,GunslingerProjectile,,sc/effects_brawler.sc,,,colt_002_bullet_atk_blue,colt_002_bullet_atk_red,shadow_normal_circle,,,,,,colt_002_hit,colt_002_hit,colt_def_atk_reached,,,,,,,0,,0,130,,,,,,,,true,,,,,,,,,,,,,,,,,,,,,,,,,,,,,,,,,,,,,,,,,,,,,,,,,,,,,,,,,,,,,,,,,,,
Colt002UltiProjectile,GunslingerUltiProjectile,,sc/effects_brawler.sc,,,colt_002_bullet_ulti_blue,colt_002_bullet_ulti_red,shadow_normal_circle,,,,,,colt_002_hit,colt_002_hit,colt_def_ulti_reached,,,,,,,0,,0,125,,,,,,,,true,,,,,,,,,,,,,,,,,,,,,,,,,,,,,,,,,,,,,,,,,,,,,,,,,,,,,,,,,,,,,,,,,,,
Colt003Projectile,GunslingerProjectile,,sc/effects_brawler.sc,,,colt_003_bullet_atk_blue,colt_003_bullet_atk_red,shadow_normal_circle,,,,,,colt_003_atk_hitEnv,colt_003_atk_hit,colt_003_atk_reached,,,,,,,0,,0,130,2,,,,,,colt_003_atk_trail,true,,,,,,,,,,,,,,,,,,,,,,,,,,,,,,,,,,,,,,,,,,,,,,,,,,,,,,,,,,,,,,,,,,,
Colt003UltiProjectile,GunslingerUltiProjectile,,sc/effects_brawler.sc,,,colt_003_bullet_ulti_blue,colt_003_bullet_ulti_red,shadow_normal_circle,,,,,,colt_003_atk_hitEnv,colt_003_atk_hit,colt_003_ulti_reached,,,,,,,0,,0,125,,,,,,,,true,,,,,,,,,,,,,,,,,,,,,,,,,,,,,,,,,,,,,,,,,,,,,,,,,,,,,,,,,,,,,,,,,,,
Colt004Projectile,GunslingerProjectile,,sc/effects_brawler.sc,,,colt_004_bullet_atk_blue,colt_004_bullet_atk_red,shadow_normal_circle,,,,,,colt_004_atk_reached,colt_004_atk_hit,colt_004_atk_reached,,,,,,,0,,0,130,,,,,,,colt_003_atk_trail,true,,,,,,,,,,,,,,,,,,,,,,,,,,,,,,,,,,,,,,,,,,,,,,,,,,,,,,,,,,,,,,,,,,,
Colt004UltiProjectile,GunslingerUltiProjectile,,sc/effects_brawler.sc,,,colt_004_bullet_ulti_blue,colt_004_bullet_ulti_red,shadow_normal_circle,,,,,,colt_004_ulti_reached,colt_004_ulti_hit,colt_004_ulti_reached,,,,,,,0,,0,125,,,,,,,colt_004_ulti_trail,true,,,,,,,,,,,,,,,,,,,,,,,,,,,,,,,,,,,,,,,,,,,,,,,,,,,,,,,,,,,,,,,,,,,
BullDudeProjectile,,2853,sc/effects_brawler.sc,,,bullet_shotgun_def_blue_short,bullet_shotgun_def_red_short,shadow_normal_circle,,,,,,Gen_hit,Gen_hit,bull_def_atk_reached,,0,,,,,0,2,0,100,,,,,,,,true,,,,,,,,,,,,,,,,,,,,,,,,,,,,,,,,,,,,,,,,,,,,,,,,,,,,,,,,,,,,,,,,,,,
Bull002Projectile,BullDudeProjectile,2853,sc/effects_brawler.sc,,,bull_002_atk_projectile,bull_002_atk_projectile_red,shadow_normal_circle,,,,,,Gen_hit,Gen_hit,bull_002_atk_reached,,0,,,,,0,2,0,100,,,,,,,,true,,,,,,,,,,,,,,,,,,,,,,,,,,,,,,,,,,,,,,,,,,,,,,,,,,,,,,,,,,,,,,,,,,,
Bull003Projectile,BullDudeProjectile,2853,sc/effects_brawler.sc,,,bull_003_atk_projectile,bull_003_atk_projectile_red,shadow_normal_circle,,,,,,bull_003_atk_reached,bull_003_atk_hit,bull_003_atk_reached,,0,,,,,0,2,0,100,,,,,,,bull_003_atk_trail,true,,,,,,,,,,,,,,,,,,,,,,,,,,,,,,,,,,,,,,,,,,,,,,,,,,,,,,,,,,,,,,,,,,,
RocketGirlProjectile,,3044,sc/effects_brawler.sc,sc3d/brock_rocket_blue.scw,sc3d/brock_rocket_red.scw,brock_def_atk_tail_blue,brock_def_atk_tail_red,shadow_normal_circle,,,,,,Gen_hit,Gen_hit,,,101,,,,,0,2,0,120,,Brock_def_atk_area,,,,,brock_def_atk_trail,true,,,,,UseZFrames,,,,,,,,,,,,,,,,,,,,,,,,,,,,,,,,,,,,,,,,,,,,,,,,,,,,,,,,,,,,,,
RocketGirlUltiProjectile,,870,sc/effects_brawler.sc,sc3d/brock_rocket_blue.scw,sc3d/brock_rocket_red.scw,brock_def_ulti_tail_blue,brock_def_ulti_tail_red,shadow_normal_circle,,,,,,Gen_hit,Gen_hit,,,0,true,true,,,93,2,0,120,,Brock_def_ulti_area,,,,,brock_def_ulti_trail,true,,,,,UseZFrames,,,,,,,,,,,,,,,,,,,,,,,,,,,,,,,,,,,,,,,,,,,,,,,,,,,,,,,,,,,,,,
Brock002Projectile,RocketGirlProjectile,,sc/effects_brawler.sc,sc3d/brock_rocket_blue.scw,sc3d/brock_rocket_red.scw,brock_002_atk_tail_blue,brock_002_atk_tail_red,shadow_normal_circle,,,,,,Gen_hit,Gen_hit,,,,,,,,0,,0,120,,Brock_002_atk_area,,,,,brock_def_atk_trail,true,,,,,UseZFrames,,,,,,,,,,,,,,,,,,,,,,,,,,,,,,,,,,,,,,,,,,,,,,,,,,,,,,,,,,,,,,
Brock002UltiProjectile,RocketGirlUltiProjectile,,sc/effects_brawler.sc,sc3d/brock_rocket_blue.scw,sc3d/brock_rocket_red.scw,brock_def_ulti_tail_blue,brock_def_ulti_tail_red,shadow_normal_circle,,,,,,Gen_hit,Gen_hit,,,,,,,,93,,0,120,,Brock_002_ulti_area,,,,,brock_def_ulti_trail,true,,,,,UseZFrames,,,,,,,,,,,,,,,,,,,,,,,,,,,,,,,,,,,,,,,,,,,,,,,,,,,,,,,,,,,,,,
Brock003Projectile,RocketGirlProjectile,,sc/effects_brawler.sc,sc3d/brock_003_atk_blue.scw,sc3d/brock_003_atk_red.scw,brock_def_atk_tail_blue,brock_def_atk_tail_red,shadow_normal_circle,,,,,,Gen_hit,Gen_hit,,,,,,,,0,,0,120,,Brock_def_atk_area,,,,,brock_def_atk_trail,true,,,,,UseZFrames,,,,,,,,,,,,,,,,,,,,,,,,,,,,,,,,,,,,,,,,,,,,,,,,,,,,,,,,,,,,,,
Brock003UltiProjectile,RocketGirlUltiProjectile,,sc/effects_brawler.sc,sc3d/brock_003_atk_blue.scw,sc3d/brock_003_atk_red.scw,brock_def_ulti_tail_blue,brock_def_ulti_tail_red,shadow_normal_circle,,,,,,Gen_hit,Gen_hit,,,,,,,,93,,0,120,,Brock_def_ulti_area,,,,,brock_def_ulti_trail,true,,,,,UseZFrames,,,,,,,,,,,,,,,,,,,,,,,,,,,,,,,,,,,,,,,,,,,,,,,,,,,,,,,,,,,,,,
Brock004Projectile,RocketGirlProjectile,,sc/effects_brawler.sc,sc3d/brock_004_atk_blue.scw,sc3d/brock_004_atk_red.scw,brock_004_atk_tail_blue,brock_004_atk_tail_red,shadow_normal_circle,,,,,,Gen_hit,Gen_hit,,,,,,,,0,,0,120,,Brock_004_atk_area,,,,,brock_004_atk_trail,true,,,,,UseZFrames,,,,,,,,,,,,,,,,,,,,,,,,,,,,,,,,,,,,,,,,,,,,,,,,,,,,,,,,,,,,,,
Brock004UltiProjectile,RocketGirlUltiProjectile,,sc/effects_brawler.sc,sc3d/brock_004_atk_blue.scw,sc3d/brock_004_atk_red.scw,brock_004_ulti_tail,brock_004_ulti_tail_red,shadow_normal_circle,,,,,,Gen_hit,Gen_hit,,,,,,,,93,,0,120,,Brock_004_ulti_area,,,,,brock_004_ulti_trail,true,,,,,UseZFrames,,,,,,,,,,,,,,,,,,,,,,,,,,,,,,,,,,,,,,,,,,,,,,,,,,,,,,,,,,,,,,
Brock005Projectile,RocketGirlProjectile,,sc/effects_brawler.sc,sc3d/brock_005_atk_blue.scw,sc3d/brock_005_atk_red.scw,brock_def_atk_tail_blue,brock_def_atk_tail_red,shadow_normal_circle,,,,,,Gen_hit,Gen_hit,,,101,,,,,0,2,0,120,,Brock_def_atk_area,,,,,brock_def_atk_trail,true,,,,,UseZFrames,,,,,,,,,,,,,,,,,,,,,,,,,,,,,,,,,,,,,,,,,,,,,,,,,,,,,,,,,,,,,,
Brock005UltiProjectile,RocketGirlUltiProjectile,,sc/effects_brawler.sc,sc3d/brock_005_atk_blue.scw,sc3d/brock_005_atk_red.scw,brock_def_ulti_tail_blue,brock_def_ulti_tail_red,shadow_normal_circle,,,,,,Gen_hit,Gen_hit,,,0,true,true,,,93,2,0,100,,Brock_def_ulti_area,,,,,brock_def_ulti_trail,true,,,,,UseZFrames,,,,,,,,,,,,,,,,,,,,,,,,,,,,,,,,,,,,,,,,,,,,,,,,,,,,,,,,,,,,,,
TrickshotDudeProjectile,,3478,sc/effects_brawler.sc,,,rico_def_atk_bullet_blue,rico_def_atk_bullet_red,shadow_normal_circle,,,,,,Trickshot_hit_env,Gen_hit,rico_def_atk_reached,,101,,,,,0,3,0,130,,,,,,,,true,,true,500,6,,,,,,,,,,,,,,,,,,,,,,,,,,,,,,,,,,true,,,,,,,,,,,,,,,,,,,,,,,,,,,,,
TrickshotDudeUltiProjectile,,4891,sc/effects_brawler.sc,,,rico_def_ulti_bullet_blue,rico_def_ulti_bullet_red,shadow_normal_circle,,,,,,Trickshot_hit_env,Gen_hit,rico_def_ulti_reached,,101,,,,,0,3,0,130,,,,,,,rico_ulti_trail_twinkles,true,,true,500,6,,true,,,,,,,,,,,,,,,,,,,,,,,,,,,,,,,,true,,,,,,,,,,,,,,,,,,,,,,,,,,,,,
Rico002Projectile,TrickshotDudeProjectile,,sc/effects_brawler.sc,,,rico_002_atk_bullet_blue,rico_002_atk_bullet_red,shadow_normal_circle,,,,,,rico_002_hit_env,rico_002_hit_env,rico_002_atk_reached,,,,,,,0,,0,130,,,,,,,,true,,,,,,,,,,,,,,,,,,,,,,,,,,,,,,,,,,,,,,true,,,,,,,,,,,,,,,,,,,,,,,,,,,,,
Rico002UltiProjectile,TrickshotDudeUltiProjectile,,sc/effects_brawler.sc,,,rico_002_ulti_bullet_blue,rico_002_ulti_bullet_red,shadow_normal_circle,,,,,,rico_002_hit_env_ulti,rico_002_hit_env_ulti,rico_002_ulti_reached,,,,,,,0,,0,130,,,,,,,rico_ulti_trail_twinkles,true,,,,,,,,,,,,,,,,,,,,,,,,,,,,,,,,,,,,,,true,,,,,,,,,,,,,,,,,,,,,,,,,,,,,
Rico003Projectile,TrickshotDudeProjectile,,sc/effects_brawler.sc,,,rico_003_atk_bullet_blue,rico_003_atk_bullet_red,shadow_normal_circle,,,,,,rico_002_hit_env,rico_002_hit_env,rico_003_atk_reached,,,,,,,0,,0,130,,,,,,,rico_003_atk_trail,true,,,,,,,,,,,,,,,,,,,,,,,,,,,,,,,,,,,,,,true,,,,,,,,,,,,,,,,,,,,,,,,,,,,,
Rico003UltiProjectile,TrickshotDudeUltiProjectile,,sc/effects_brawler.sc,,,rico_003_ulti_bullet_blue,rico_003_ulti_bullet_red,shadow_normal_circle,,,,,,rico_002_hit_env_ulti,rico_002_hit_env_ulti,rico_003_ulti_reached,,,,,,,0,,0,130,,,,,,,rico_003_atk_trail,true,,,,,,,,,,,,,,,,,,,,,,,,,,,,,,,,,,,,,,true,,,,,,,,,,,,,,,,,,,,,,,,,,,,,
Rico004Projectile,TrickshotDudeProjectile,,sc/effects_brawler.sc,,,rico_004_atk_bullet_blue,rico_004_atk_bullet_red,shadow_normal_circle,,,,,,rico_002_hit_env,rico_002_hit_env,rico_004_atk_reached,,,,,,,0,,0,130,,,,,,,rico_004_atk_trail,true,,,,,,,,,,,,,,,,,,,,,,,,,,,,,,,,,,,,,,true,,,,,,,,,,,,,,,,,,,,,,,,,,,,,
Rico004UltiProjectile,TrickshotDudeUltiProjectile,,sc/effects_brawler.sc,,,rico_004_ulti_bullet_blue,rico_004_ulti_bullet_red,shadow_normal_circle,,,,,,rico_002_hit_env_ulti,rico_002_hit_env_ulti,rico_004_ulti_reached,,,,,,,0,,0,130,,,,,,,rico_004_ulti_trail,true,,,,,,,,,,,,,,,,,,,,,,,,,,,,,,,,,,,,,,true,,,,,,,,,,,,,,,,,,,,,,,,,,,,,
CactusProjectile,,2174,sc/effects_brawler.sc,,,spike_def_atk1_projectie,spike_def_atk1_projectile_red,shadow_normal_circle,,,,,,Gen_hit,Gen_hit,,,150,,,,,0,2,0,120,,CactusExplosion,CactusSpikeExplosion,,,,,true,,,,,UseZFrames,,,,,,,,,,,,,,,,,,,,,,,,,,,,,,,,,,,,,,,,,,,,,,,,,,,,,,,,,,,,,,
CactusUltiProjectile,,1739,sc/effects_brawler.sc,,,spike_def_ulti_projectile,spike_def_ulti_projectile_red,shadow_normal_circle,,,,,,Gen_hit,Gen_hit,,,0,true,,,,240,1,0,100,,CactusUltiExplosion,,,,,Gen_Trail_dust,true,,,,,,,,,,,,,,,,,,,,,,,,,,,,,,,,,,,,,,,,,,,,,,,,,,,,,,,,,,,,,,,,,,,
CactusSpike,,3261,sc/effects_brawler.sc,,,spike_def_atk2_projectile,spike_def_atk2_projectile_red,shadow_normal_circle,,,,,,Gen_hit,Gen_hit,spike_def_atk2_reached,,50,,,,,0,1,0,100,,,,,,,,true,,,,,,,,,,,,,,,,,,,,,,,,,,,,,,,,,,,,,,,,,,,,,,,,,,,,,,,,,,,,,,,,,,,
Spike002Projectile,CactusProjectile,,sc/effects_brawler.sc,,,spike_002_atk1_projectile_blue,spike_002_atk1_projectile_red,shadow_normal_circle,,,,,,Gen_hit,Gen_hit,,,,,,,,0,,0,120,,Spike_002_atk1_explosion,Spike_002_atk2,,,,spike_002_atk1_trail,true,,,,,DoNotRotateClip,,,,,,,,,,,,,,,,,,,,,,,,,,,,,,,,,,,,,,,,,,,,,,,,,,,,,,,,,,,,,,
Spike002UltiProjectile,CactusUltiProjectile,,sc/effects_brawler.sc,,,spike_002_ulti_projectile_blue,spike_002_ulti_projectile_red,shadow_normal_circle,,,,,,Gen_hit,Gen_hit,,,,,,,,240,,0,100,,Spike_002_ulti_explosion,,,,,spike_002_atk1_trail,true,,,,,DoNotRotateClip,,,,,,,,,,,,,,,,,,,,,,,,,,,,,,,,,,,,,,,,,,,,,,,,,,,,,,,,,,,,,,
Spike002Spike,CactusSpike,,sc/effects_brawler.sc,,,spike_002_atk2_projectile,spike_002_atk2_projectile_red,shadow_normal_circle,,,,,,Gen_hit,Gen_hit,spike_002_atk2_reached,,,,,,,0,,0,100,,,,,,,,true,,,,,,,,,,,,,,,,,,,,,,,,,,,,,,,,,,,,,,,,,,,,,,,,,,,,,,,,,,,,,,,,,,,
Spike003Projectile,CactusProjectile,,sc/effects_brawler.sc,,,spike_003_atk1_projectile,spike_003_atk1_projectile_red,shadow_normal_circle,,,,,,Gen_hit,Gen_hit,,,,,,,,0,,0,120,,Spike_003_atk1_explosion,Spike_003_atk2,,,,spike_003_atk1_trail,true,,,,,,,,,,,,,,,,,,,,,,,,,,,,,,,,,,,,,,,,,,,,,,,,,,,,,,,,,,,,,,,,,,,
Spike003Frag,CactusSpike,,sc/effects_brawler.sc,,,spike_003_atk2_projectile,spike_003_atk2_projectile_red,shadow_normal_circle,,,,,,Gen_hit,Gen_hit,spike_003_atk2_reached,,,,,,,0,,0,100,,,,,,,,true,,,,,,,,,,,,,,,,,,,,,,,,,,,,,,,,,,,,,,,,,,,,,,,,,,,,,,,,,,,,,,,,,,,
Spike003UltiProjectile,CactusUltiProjectile,,sc/effects_brawler.sc,,,spike_003_ulti_projectile,spike_003_ulti_projectile_red,shadow_normal_circle,,,,,,Gen_hit,Gen_hit,,,,,,,,240,,0,100,,Spike_003_ulti_explosion,,,,,spike_003_ulti_trail,true,,,,,DoNotRotateClip,,,,,,,,,,,,,,,,,,,,,,,,,,,,,,,,,,,,,,,,,,,,,,,,,,,,,,,,,,,,,,
Spike004Projectile,CactusProjectile,,sc/effects_brawler.sc,,,spike_004_atk1_projectile,spike_004_atk1_projectile_red,shadow_normal_circle,,,,,,Gen_hit,Gen_hit,,,,,,,,0,,0,120,2,Spike_004_atk1_explosion,Spike_004_atk2,,,,spike_004_atk_trail,true,,,,,,,,,,,,,,,,,,,,,,,,,,,,,,,,,,,,,,,,,,,,,,,,,,,,,,,,,,,,,,,,,,,
Spike004Frag,CactusSpike,,sc/effects_brawler.sc,,,spike_004_atk2_projectile,spike_004_atk2_projectile_red,shadow_normal_circle,,,,,,Gen_hit,Gen_hit,spike_003_atk2_reached,,,,,,,0,,0,100,,,,,,,,true,,,,,,,,,,,,,,,,,,,,,,,,,,,,,,,,,,,,,,,,,,,,,,,,,,,,,,,,,,,,,,,,,,,
Spike004UltiProjectile,CactusUltiProjectile,,sc/effects_brawler.sc,,,spike_004_ulti_projectile,spike_004_ulti_projectile_red,shadow_normal_circle,,,,,,Gen_hit,Gen_hit,,,,,,,,240,,0,100,,Spike_004_ulti_explosion,,,,,spike_004_ulti_trail,true,,,,,DoNotRotateClip,,,,,,,,,,,,,,,,,,,,,,,,,,,,,,,,,,,,,,,,,,,,,,,,,,,,,,,,,,,,,,
Jessie002Projectile1,MechanicProjectile1,,sc/effects_brawler.sc,,,jessie_002_atk_projectile,jessie_002_atk_projectile_red,shadow_normal_circle_big,,,,,,jessie_002_atk_hitEnv,jessie_002_atk_hit,jessie_002_atk_end,,,,,,,0,,0,150,,,,,,,jessie_002_atk_trail,true,,,,,,,,,,,,,,,,Jessie002Projectile2,,,,,,,,,,,,,,,,,,,,,,,,,,,,,,,,,,,,,,,,,,,,,,,,,,,
Jessie002Projectile2,MechanicProjectile2,,sc/effects_brawler.sc,,,jessie_002_atk_projectile,jessie_002_atk_projectile_red,shadow_normal_circle_big,,,,,,jessie_002_atk_hitEnv,jessie_002_atk_hit,jessie_002_atk_end,,,,,,,0,,0,150,,,,,,,jessie_002_atk_trail,true,,,,,,,,,,,,,,,,Jessie002Projectile3,,,,,,,,,,,,,,,,,,,,,,,,,,,,,,,,,,,,,,,,,,,,,,,,,,,
Jessie002Projectile3,MechanicProjectile3,,sc/effects_brawler.sc,,,jessie_002_atk_projectile,jessie_002_atk_projectile_red,shadow_normal_circle_big,,,,,,jessie_002_atk_hitEnv,jessie_002_atk_hit,jessie_002_atk_end,,,,,,,0,,0,150,,,,,,,jessie_002_atk_trail,true,,,,,,,,,,,,,,,,,,,,,,,,,,,,,,,,,,,,,,,,,,,,,,,,,,,,,,,,,,,,,,,,,,,
Jessie002UltiProjectile,MechanicUltiProjectile,,sc/effects_brawler.sc,,,jessie_002_ulti_projectile,jessie_002_ulti_projectile,shadow_normal_circle,,,,,,Gen_hit,Gen_hit,,,,,,,,170,,0,100,,,,,,,plasma_trail,true,,,,,,,,,,,,,,,,,,,,,,,,,,,,,,,,,,,,,,,,,,,,,,,,,,,,,,,,,,,,,,,,,,,
JessieTurret002Projectile,MechanicTurretProjectile,,sc/effects_brawler.sc,,,jessie_002_turret_projectile,jessie_002_turret_projectile_red,shadow_normal_circle,,,,,,jessie_002_turret_hitEnv,jessie_002_turret_hit,jessie_002_turret_hitEnv,,,,,,,0,,0,100,,,,,,,jessie_002_turret_trail,,,,,,,,,,,,,,,,,,,,,,,,,,,,,,,,,,,,,,,,,,,,,,,,,,,,,,,,,,,,,,,,,,,,
Jessie003Projectile1,MechanicProjectile1,,sc/effects_brawler.sc,,,jessie_003_atk_projectile,jessie_003_atk_projectile_red,,projectile_light,projectile_light_red,,,,jessie_003_atk_end,jessie_003_atk_hit,jessie_003_atk_end,,,,,,,0,,0,150,,,,,,,jessie_003_atk_trail,true,,,,,,,,,,,,,,,,Jessie003Projectile2,,,,,,,,,,,,,,,,,,,,,,,,,,,,,,,,,,,,,,,,,,,,,,,,,,,
Jessie003Projectile2,MechanicProjectile2,,sc/effects_brawler.sc,,,jessie_003_atk_projectile,jessie_003_atk_projectile_red,,projectile_light,projectile_light_red,,,,jessie_003_atk_end,jessie_003_atk_hit,jessie_003_atk_end,,,,,,,0,,0,150,,,,,,,jessie_003_atk_trail,true,,,,,,,,,,,,,,,,Jessie003Projectile3,,,,,,,,,,,,,,,,,,,,,,,,,,,,,,,,,,,,,,,,,,,,,,,,,,,
Jessie003Projectile3,MechanicProjectile3,,sc/effects_brawler.sc,,,jessie_003_atk_projectile,jessie_003_atk_projectile_red,,projectile_light,projectile_light_red,,,,jessie_003_atk_end,jessie_003_atk_hit,jessie_003_atk_end,,,,,,,0,,0,150,,,,,,,jessie_003_atk_trail,true,,,,,,,,,,,,,,,,,,,,,,,,,,,,,,,,,,,,,,,,,,,,,,,,,,,,,,,,,,,,,,,,,,,
Jessie003UltiProjectile,MechanicUltiProjectile,,sc/effects_brawler.sc,,,jessie_003_ulti_projectile,jessie_003_ulti_projectile_red,shadow_normal_circle,,,,,,Gen_hit,Gen_hit,,,,,,,,170,,0,100,,,,,,,plasma_trail,true,,,,,,,,,,,,,,,,,,,,,,,,,,,,,,,,,,,,,,,,,,,,,,,,,,,,,,,,,,,,,,,,,,,
JessieTurret003Projectile,MechanicTurretProjectile,,sc/effects_brawler.sc,,,jessie_003_turret_projectile,jessie_003_turret_projectile_red,,projectile_light,projectile_light_red,,,,jessie_003_turret_hitEnv,jessie_003_turret_hit,jessie_003_turret_reached,,,,,,,0,,0,100,,,,,,,jessie_003_turret_trail,,,,,,,,,,,,,,,,,,,,,,,,,,,,,,,,,,,,,,,,,,,,,,,,,,,,,,,,,,,,,,,,,,,,
Turret003Proj,TurretElecProj,,sc/effects_brawler.sc,,,jessie_003_atk_projectile,jessie_003_atk_projectile_red,,projectile_light,projectile_light_red,,,,jessie_003_turret_SP_end,jessie_003_turret_hit,jessie_003_turret_SP_end,,,,,,,0,,0,80,,,,,,,,,,,,,,,,,,,,,,,,Turret003Proj2,,,,,,,,,,,,,,,,,,,,,,,,,,,,,,,,,,,,,,,,,,,,,,,,,,,
Turret003Proj2,TurretElecProj2,,sc/effects_brawler.sc,,,jessie_003_atk_projectile,jessie_003_atk_projectile_red,,projectile_light,projectile_light_red,,,,jessie_003_turret_SP_end,jessie_003_turret_hit,jessie_003_turret_SP_end,,,,,,,0,,0,80,,,,,,,,,,,,,,,,,,,,,,,,Turret003Proj3,,,,,,,,,,,,,,,,,,,,,,,,,,,,,,,,,,,,,,,,,,,,,,,,,,,
Turret003Proj3,TurretElecProj3,,sc/effects_brawler.sc,,,jessie_003_atk_projectile,jessie_003_atk_projectile_red,,projectile_light,projectile_light_red,,,,jessie_003_turret_SP_end,jessie_003_turret_hit,jessie_003_turret_SP_end,,,,,,,0,,0,80,,,,,,,,,,,,,,,,,,,,,,,,,,,,,,,,,,,,,,,,,,,,,,,,,,,,,,,,,,,,,,,,,,,,,,,,,,,
Jessie004Projectile1,MechanicProjectile1,,sc/effects_brawler.sc,,,jessie_004_atk_projectile,jessie_004_atk_projectile_red,,projectile_light,projectile_light_red,,,,jessie_004_atk_end,jessie_004_atk_hit,jessie_004_atk_end,,,,,,,0,,0,150,,,,,,,jessie_004_atk_trail,true,,,,,,,,,,,,,,,,Jessie004Projectile2,,,,,,,,,,,,,,,,,,,,,,,,,,,,,,,,,,,,,,,,,,,,,,,,,,,
Jessie004Projectile2,MechanicProjectile2,,sc/effects_brawler.sc,,,jessie_004_atk_projectile,jessie_004_atk_projectile_red,,projectile_light,projectile_light_red,,,,jessie_004_atk_end,jessie_004_atk_hit,jessie_004_atk_end,,,,,,,0,,0,150,,,,,,,jessie_004_atk_trail,true,,,,,,,,,,,,,,,,Jessie004Projectile3,,,,,,,,,,,,,,,,,,,,,,,,,,,,,,,,,,,,,,,,,,,,,,,,,,,
Jessie004Projectile3,MechanicProjectile3,,sc/effects_brawler.sc,,,jessie_004_atk_projectile,jessie_004_atk_projectile_red,,projectile_light,projectile_light_red,,,,jessie_004_atk_end,jessie_004_atk_hit,jessie_004_atk_end,,,,,,,0,,0,150,,,,,,,jessie_004_atk_trail,true,,,,,,,,,,,,,,,,,,,,,,,,,,,,,,,,,,,,,,,,,,,,,,,,,,,,,,,,,,,,,,,,,,,
Jessie004UltiProjectile,MechanicUltiProjectile,,sc/effects_brawler.sc,,,jessie_004_ulti_projectile,jessie_004_ulti_projectile_red,shadow_normal_circle,,,,,,Gen_hit,Gen_hit,,,,,,,,170,,0,100,,,,,,,plasma_trail,true,,,,,,,,,,,,,,,,,,,,,,,,,,,,,,,,,,,,,,,,,,,,,,,,,,,,,,,,,,,,,,,,,,,
JessieTurret004Projectile,MechanicTurretProjectile,,sc/effects_brawler.sc,,,jessie_004_turret_projectile,jessie_004_turret_projectile_red,,projectile_light,projectile_light_red,,,,jessie_004_turret_hitEnv,jessie_004_turret_hit,jessie_004_turret_reached,,,,,,,0,,0,100,,,,,,,jessie_004_turret_trail,,,,,,,,,,,,,,,,,,,,,,,,,,,,,,,,,,,,,,,,,,,,,,,,,,,,,,,,,,,,,,,,,,,,
Turret004Proj,TurretElecProj,,sc/effects_brawler.sc,,,jessie_004_atk_projectile,jessie_004_atk_projectile_red,,projectile_light,projectile_light_red,,,,jessie_004_turret_SP_end,jessie_004_turret_hit,jessie_004_turret_SP_end,,,,,,,0,,0,80,,,,,,,,,,,,,,,,,,,,,,,,Turret004Proj2,,,,,,,,,,,,,,,,,,,,,,,,,,,,,,,,,,,,,,,,,,,,,,,,,,,
Turret004Proj2,TurretElecProj2,,sc/effects_brawler.sc,,,jessie_004_atk_projectile,jessie_004_atk_projectile_red,,projectile_light,projectile_light_red,,,,jessie_004_turret_SP_end,jessie_004_turret_hit,jessie_004_turret_SP_end,,,,,,,0,,0,80,,,,,,,,,,,,,,,,,,,,,,,,Turret004Proj3,,,,,,,,,,,,,,,,,,,,,,,,,,,,,,,,,,,,,,,,,,,,,,,,,,,
Turret004Proj3,TurretElecProj3,,sc/effects_brawler.sc,,,jessie_004_atk_projectile,jessie_004_atk_projectile_red,,projectile_light,projectile_light_red,,,,jessie_004_turret_SP_end,jessie_004_turret_hit,jessie_004_turret_SP_end,,,,,,,0,,0,80,,,,,,,,,,,,,,,,,,,,,,,,,,,,,,,,,,,,,,,,,,,,,,,,,,,,,,,,,,,,,,,,,,,,,,,,,,,
Jessie005Projectile1,MechanicProjectile1,,sc/effects_brawler.sc,,,jessie_005_atk1_projectile,jessie_005_atk1_projectile_red,shadow_normal_circle_big,,,,,,jessie_005_atk_end,jessie_005_atk_hit,jessie_005_atk_end,,,,,,,0,,0,150,,,,,,,,true,,,,,,,,,,,,,,,,Jessie005Projectile2,,,,,,,,,,,,,,,,,,,,,,,,,,,,,,,,,,,,,,,,,,,,,,,,,,,
Jessie005Projectile2,MechanicProjectile2,,sc/effects_brawler.sc,,,jessie_005_atk2_projectile,jessie_005_atk2_projectile_red,shadow_normal_circle_big,,,,,,jessie_005_atk_end,jessie_005_atk_hit,jessie_005_atk_end,,,,,,,0,,0,150,,,,,,,,true,,,,,,,,,,,,,,,,Jessie005Projectile3,,,,,,,,,,,,,,,,,,,,,,,,,,,,,,,,,,,,,,,,,,,,,,,,,,,
Jessie005Projectile3,MechanicProjectile3,,sc/effects_brawler.sc,,,jessie_005_atk3_projectile,jessie_005_atk3_projectile_red,shadow_normal_circle_big,,,,,,jessie_005_atk_end,jessie_005_atk_hit,jessie_005_atk_end,,,,,,,0,,0,150,,,,,,,,true,,,,,,,,,,,,,,,,,,,,,,,,,,,,,,,,,,,,,,,,,,,,,,,,,,,,,,,,,,,,,,,,,,,
Jessie005UltiProjectile,MechanicUltiProjectile,,sc/effects_brawler.sc,,,jessie_005_ulti_projectile,jessie_005_ulti_projectile_red,shadow_normal_circle,,,,,,Gen_hit,Gen_hit,,,,,,,,170,,0,100,,,,,,,jessie_005_ulti_trail,true,,,,,,,,,,,,,,,,,,,,,,,,,,,,,,,,,,,,,,,,,,,,,,,,,,,,,,,,,,,,,,,,,,,
JessieTurret005Projectile,MechanicTurretProjectile,,sc/effects_brawler.sc,,,jessie_005_turret_projectile,jessie_005_turret_projectile_red,shadow_normal_circle,,,,,,jessie_005_turret_hit_end,jessie_005_turret_hit,jessie_005_turret_hit_end,,,,,,,0,,0,100,,,,,,,,,,,,,,,,,,,,,,,,,,,,,,,,,,,,,,,,,,,,,,,,,,,,,,,,,,,,,,,,,,,,,,,,,,,
Turret005Proj,TurretElecProj,,sc/effects_brawler.sc,,,jessie_005_atk1_projectile,jessie_005_atk1_projectile_red,shadow_normal_circle_big,,,,,,jessie_005_turretSP_end,jessie_005_turretSP_hit,jessie_005_turretSP_end,,,,,,,0,,0,80,,,,,,,,,,,,,,,,,,,,,,,,Turret005Proj2,,,,,,,,,,,,,,,,,,,,,,,,,,,,,,,,,,,,,,,,,,,,,,,,,,,
Turret005Proj2,TurretElecProj2,,sc/effects_brawler.sc,,,jessie_005_atk2_projectile,jessie_005_atk2_projectile_red,shadow_normal_circle_big,,,,,,jessie_005_turretSP_end,jessie_005_turretSP_hit,jessie_005_turretSP_end,,,,,,,0,,0,80,,,,,,,,,,,,,,,,,,,,,,,,Turret005Proj3,,,,,,,,,,,,,,,,,,,,,,,,,,,,,,,,,,,,,,,,,,,,,,,,,,,
Turret005Proj3,TurretElecProj3,,sc/effects_brawler.sc,,,jessie_005_atk3_projectile,jessie_005_atk3_projectile_red,shadow_normal_circle_big,,,,,,jessie_005_turretSP_end,jessie_005_turretSP_hit,jessie_005_turretSP_end,,,,,,,0,,0,80,,,,,,,,,,,,,,,,,,,,,,,,,,,,,,,,,,,,,,,,,,,,,,,,,,,,,,,,,,,,,,,,,,,,,,,,,,,
MechanicProjectile1,,2870,sc/effects_brawler.sc,,,jessie_elecBall_blue,jessie_elecBall_red,,projectile_light,projectile_light_red,,,,Electricity_hit,Electricity_hit,electricity_end_blue,,150,,,,,0,2,0,150,,,,,,,electricity_Trail,true,,,,,,,,,,,,1,,,20,MechanicProjectile2,,,,,,,,,,,,,,,,,,,,,,,,,,,,,,,,,,,,,,,,,,,,,,,,,,,
MechanicProjectile2,,1522,sc/effects_brawler.sc,,,jessie_elecBall_blue,jessie_elecBall_red,,projectile_light,projectile_light_red,,,,Electricity_hit,Electricity_hit,electricity_end_blue,,150,,,,,0,1,0,150,,,,,,,electricity_Trail,true,,,,,,,,,,,,1,,,20,MechanicProjectile3,,75,75,0,1000,true,,,,,,,,,,,,,,,,,,,,,,,,,,,,,,,,,,,,,,,,,,,,,
MechanicProjectile3,,1522,sc/effects_brawler.sc,,,jessie_elecBall_blue,jessie_elecBall_red,,projectile_light,projectile_light_red,,,,Electricity_hit,Electricity_hit,electricity_end_blue,,150,,,,,0,1,0,150,,,,,,,electricity_Trail,true,,,,,,,,,,,,,,,,,,75,75,0,1000,true,,,,,,,,,,,,,,,,,,,,,,,,,,,,,,,,,,,,,,,,,,,,,
MechanicUltiProjectile,,1196,sc/effects_brawler.sc,,,jessie_def_ulti_projectile,jessie_def_ulti_projectile,shadow_normal_circle,,,,,,Gen_hit,Gen_hit,,,0,true,,,,170,1,0,100,,,,,,,plasma_trail,true,,,,,,,,,,,,,,,,,,,,,,,,,,,,,,,,,,,,,,,,,,,,,,,,,,,,,,,,,,,,,,,,,,,
ShamanProjectile,,2718,sc/effects_brawler.sc,,,nita_def_atk_blue,nita_def_atk_red,shadow_normal_circle,,,,,,Gen_hit,Gen_hit,nita_def_atk_end_blue,,250,,,,,0,1,0,100,,,,,,,nita_def_atk_trail,true,,,,,DoNotRotateClip,true,,,,,,,,,,,,,,,,,,,,,,,,,,,,,,,,,,,,,,,,,,,,,,,,,,,,,,,,,,,,,
ShamanUltiProjectile,,1196,sc/effects_brawler.sc,,,nita_def_ulti_projectile_blue,nita_def_ulti_projectile_red,shadow_normal_circle,,,,,,Gen_hit,Gen_hit,,,0,true,,,,170,1,0,100,,,,,,,nita_def_ulti_trail,true,,,,,,,,,,,,,,,,,,,,,,,,,,,,,,,,,,,,,,,,,,,,,,,,,,,,,,,,,,,,,,,,,,,
BarkeepProjectile,,1750,sc/effects_brawler.sc,,,barley_def_atk_projectile,barley_def_atk_projectile_red,shadow_normal_circle,,,,,,Gen_hit,Gen_hit,,,0,true,,,,240,1,0,100,1,Barley_def_atk,,,,,barley_def_atk_trail,true,,,,,,,,,,,,,,,,,,,,,,,,,,,,,,,,,,,,,,,,,,,,,,,,,,,,,,,,,,,,,,,,,,,
BarkeepUltiProjectile,,1504,sc/effects_brawler.sc,,,barley_def_ulti_projectile,barley_def_ulti_projectile_red,shadow_normal_circle,,,,,,Gen_hit,Gen_hit,,,0,true,,,,170,1,0,100,1,Barley_def_ulti,,,,,barley_def_ulti_trail,true,,,,,,,,,,,,,,,,,,,,,,,,,,,,,,,,,,,,,,,,,,,,,,,,,,2100,,,,,,,,,,,,,,,,,
Barley002Projectile,BarkeepProjectile,,sc/effects_brawler.sc,,,fireball_blue,fireball_red,,projectile_fire_blue,projectile_fire_red,,,,Gen_hit,Gen_hit,,,0,true,,,,240,,0,100,1,Barley_002_atk,,,,,barley_002_trail,true,,,,,UseZFrames,,,,,,,,,,,,,,,,,,,,,,,,,,,,,,,,,,,,,,,,,,,,,,,,,,,,,,,,,,,,,,
Barley002UltiProjectile,BarkeepUltiProjectile,,sc/effects_brawler.sc,,,fireball_blue,fireball_red,,projectile_fire_blue,projectile_fire_red,,,,Gen_hit,Gen_hit,,,0,true,,,,170,,0,100,1,Barley_002_ulti,,,,,barley_002_trail,true,,,,,UseZFrames,,,,,,,,,,,,,,,,,,,,,,,,,,,,,,,,,,,,,,,,,,,,,,,,,,,,,,,,,,,,,,
Barley003Projectile,BarkeepProjectile,,sc/effects_brawler.sc,,,barley_003_atk_projectile,barley_003_atk_projectile_red,shadow_normal_circle,,,,,,Gen_hit,Gen_hit,,,0,true,,,,240,,0,100,1,Barley_def_atk,,,,,barley_def_atk_trail,true,,,,,UseZFrames,,,,,,,,,,,,,,,,,,,,,,,,,,,,,,,,,,,,,,,,,,,,,,,,,,,,,,,,,,,,,,
Barley003UltiProjectile,BarkeepUltiProjectile,,sc/effects_brawler.sc,,,barley_003_ulti_projectile,barley_003_ulti_projectile_red,shadow_normal_circle,,,,,,Gen_hit,Gen_hit,,,0,true,,,,170,,0,100,1,Barley_def_ulti,,,,,barley_def_ulti_trail,true,,,,,UseZFrames,,,,,,,,,,,,,,,,,,,,,,,,,,,,,,,,,,,,,,,,,,,,,,,,,,,,,,,,,,,,,,
Barley004Projectile,BarkeepProjectile,,sc/effects_brawler.sc,,,barley_004_atk_projectile,barley_004_atk_projectile_red,shadow_normal_circle,,,,,,Gen_hit,Gen_hit,,,0,true,,,,240,,0,100,1,Barley_004_atk,,,,,barley_004_atk_trail,true,,,,,,,,,,,,,,,,,,,,,,,,,,,,,,,,,,,,,,,,,,,,,,,,,,,,,,,,,,,,,,,,,,,
Barley004UltiProjectile,BarkeepUltiProjectile,,sc/effects_brawler.sc,,,barley_004_ulti_projectile,barley_004_ulti_projectile_red,shadow_normal_circle,,,,,,Gen_hit,Gen_hit,,,0,true,,,,170,,0,100,1,Barley_004_ulti,,,,,barley_004_atk_trail,true,,,,,UseZFrames,,,,,,,,,,,,,,,,,,,,,,,,,,,,,,,,,,,,,,,,,,,,,,,,,,,,,,,,,,,,,,
Barley005Projectile,BarkeepProjectile,,sc/effects_brawler.sc,sc3d/barley_005_atk_blue.scw,sc3d/barley_005_atk_red.scw,,,shadow_normal_circle,,,,,,Gen_hit,Gen_hit,,,0,true,,,,240,,0,100,1,Barley_005_atk,,,,,barley_005_atk_trail,true,,,,,,,,,,,,,,,,,,,,,,,,,,,,,,,,,,,,,,,,,,,,,,,,,,,,,,,,,,,,,,,,,,,
Barley005UltiProjectile,BarkeepUltiProjectile,,sc/effects_brawler.sc,sc3d/barley_005_atk_blue.scw,sc3d/barley_005_atk_red.scw,,,shadow_normal_circle,,,,,,Gen_hit,Gen_hit,,,0,true,,,,170,,0,100,1,Barley_005_ulti,,,,,barley_005_ulti_trail,true,,,,,UseZFrames,,,,,,,,,,,,,,,,,,,,,,,,,,,,,,,,,,,,,,,,,,,,,,,,,,,,,,,,,,,,,,
TntDudeProjectile,,1900,sc/effects_brawler.sc,,,dynamike_tnt_blue,dynamike_tnt_red,dynamike_tnt_shadow,,,,,,Gen_hit,Gen_hit,,,0,true,,1100,35,430,1,0,100,,TntDudeExplosion,,,,,fire_spark_trail,true,,,,,DoNotRotateClip,,,,,,,,,,,,,,,,,,,,,,,,,,,,,,,,,,,,,,,,,,,,,1000,,,,,,,,,,,,,,,,,
TntDudeUltiProjectile,,1600,sc/effects_brawler.sc,,,dynamite_bundle_ulti,dynamite_bundle_ulti_red,shadow_normal_circle,,,,,,Gen_hit,Gen_hit,,,0,true,,1300,35,330,1,0,100,,TntDudeUltiExplosion,,,,,fire_spark_trail_huge,true,,,,,DoNotRotateClip,,,,,,,,,,,,,,,,,,,,,,,,,,,,,,,,,,,,,,,,,,,,,,,,,,,,,,,,,,,,,,
TntDudeSantaProjectile,TntDudeProjectile,,sc/effects_brawler.sc,,,dynamike_santa_attack_anim_blue,dynamike_santa_attack_anim_red,shadow_normal_circle,,,,,,Gen_hit,Gen_hit,,,0,true,,,35,430,,0,100,1,TntDudeExplosion,,,,,fire_spark_trail,true,,,,,DoNotRotateClip,,,,,,,,,,,,,,,,,,,,,,,,,,,,,,,,,,,,,,,,,,,,,,,,,,,,,,,,,,,,,,
TntDudeSantaUltiProjectile,TntDudeUltiProjectile,,sc/effects_brawler.sc,,,dynamike_santa_ulti_anim_blue,dynamike_santa_ulti_anim_red,shadow_normal_circle,,,,,,Gen_hit,Gen_hit,,,0,true,,,35,330,,0,100,,TntDudeUltiExplosion,,,,,fire_spark_trail_huge,true,,,,,DoNotRotateClip,,,,,,,,,,,,,,,,,,,,,,,,,,,,,,,,,,,,,,,,,,,,,,,,,,,,,,,,,,,,,,
TntDudeChefProjectile,TntDudeProjectile,,sc/effects_brawler.sc,,,dynamike_chef_attack_anim_blue,dynamike_chef_attack_anim_red,shadow_normal_circle,,,,,,Gen_hit,Gen_hit,,,0,true,,,35,430,,0,100,1,TntDudeExplosion,,,,,fire_spark_trail,true,,,,,DoNotRotateClip,,,,,,,,,,,,,,,,,,,,,,,,,,,,,,,,,,,,,,,,,,,,,,,,,,,,,,,,,,,,,,
TntDudeChefUltiProjectile,TntDudeUltiProjectile,,sc/effects_brawler.sc,,,dynamike_chef_ulti_anim_blue,dynamike_chef_ulti_anim_red,shadow_normal_circle,,,,,,Gen_hit,Gen_hit,,,0,true,,,35,330,,0,100,,TntDudeUltiExplosion,,,,,fire_spark_trail_huge,true,,,,,DoNotRotateClip,,,,,,,,,,,,,,,,,,,,,,,,,,,,,,,,,,,,,,,,,,,,,,,,,,,,,,,,,,,,,,
Mike004Projectile,TntDudeProjectile,,sc/effects_brawler.sc,sc3d/dynamike_003_atk_projectile_blue.scw,sc3d/dynamike_003_atk_projectile_red.scw,dynamike_004_ulti_tail_blue,dynamike_004_ulti_tail_red,shadow_normal_circle,,,,,,Gen_hit,Gen_hit,,,0,true,,,35,430,,0,100,,TntDudeExplosion,,,,,dynamike_003_atk_trail,true,,,,,UseZFrames,,,,,,,,,,,,,,,,,,,,,,,,,,,,,,,,,,,,,,,,,,,,,,,,,,,,,,,,,,,,,,
Mike004UltiProjectile,TntDudeUltiProjectile,,sc/effects_brawler.sc,sc3d/dynamike_003_ulti_projectile_blue.scw,sc3d/dynamike_003_ulti_projectile_red.scw,dynamike_004_ulti_tail_blue,dynamike_004_ulti_tail_red,shadow_normal_circle,,,,,,Gen_hit,Gen_hit,,,0,true,,,35,330,,0,100,,TntDudeUltiExplosion,,,,,dynamike_003_ulti_trail,true,,,,,UseZFrames,,,,,,,,,,,,,,,,,,,,,,,,,,,,,,,,,,,,,,,,,,,,,,,,,,,,,,,,,,,,,,
Mike005Projectile,TntDudeProjectile,,sc/effects_brawler.sc,,,dynamike_005_atk_blue,dynamike_005_atk_red,shadow_normal_circle,,,,,,Gen_hit,Gen_hit,,,0,true,,,35,430,,0,100,,TntDudeExplosion,,,,,fire_spark_trail,true,,,,,DoNotRotateClip,,,,,,,,,,,,,,,,,,,,,,,,,,,,,,,,,,,,,,,,,,,,,,,,,,,,,,,,,,,,,,
Mike005UltiProjectile,TntDudeUltiProjectile,,sc/effects_brawler.sc,,,dynamike_005_ulti_blue,dynamike_005_ulti_red,shadow_normal_circle,,,,,,Gen_hit,Gen_hit,,,0,true,,,35,330,,0,100,,Mike_005_ulti_explosion,,,,,fire_spark_trail_huge,true,,,,,DoNotRotateClip,,,,,,,,,,,,,,,,,,,,,,,,,,,,,,,,,,,,,,,,,,,,,,,,,,,,,,,,,,,,,,
Mike006Projectile,TntDudeProjectile,,sc/effects_brawler.sc,,,dynamike_006_atk_blue,dynamike_006_atk_red,shadow_normal_circle,,,,,,Gen_hit,Gen_hit,,,0,true,,,35,430,,0,100,2,TntDudeExplosion,,,,,fire_spark_trail,true,,,,,DoNotRotateClip,,,,,,,,,,,,,,,,,,,,,,,,,,,,,,,,,,,,,,,,,,,,,,,,,,,,,,,,,,,,,,
Mike006UltiProjectile,TntDudeUltiProjectile,,sc/effects_brawler.sc,,,dynamkie_006_ulti_blue,dynamkie_006_ulti_red,shadow_normal_circle,,,,,,Gen_hit,Gen_hit,,,0,true,,,35,330,,0,100,,TntDudeUltiExplosion,,,,,fire_spark_trail_huge,true,,,,,DoNotRotateClip,,,,,,,,,,,,,,,,,,,,,,,,,,,,,,,,,,,,,,,,,,,,,,,,,,,,,,,,,,,,,,
BoneThrowerProjectile,,1305,sc/effects.sc,,,basic_grenade_projectile,basic_grenade_projectile_red,shadow_normal_circle,,,,,,Gen_hit,Gen_hit,,,0,true,,4000,35,150,1,0,100,,,,,,,Gen_Trail,true,,,,,,,,,,,,,,,,,,,,,,,,,,,,,,true,,,,,,,,,,,,,,,,,,,,,,,,,,,,,,,,,,,,,
BoneThrowerUltiProjectile,,1305,sc/effects.sc,,,projectile_plasmaball,projectile_plasmaball_red,shadow_normal_circle,,,,,,Gen_hit,Gen_hit,,,0,true,,15000,35,150,1,0,100,,,,,,,trail_temp,true,,,,,,,,,,,,,,,,,,,,,,,,,,,,,,true,,,,,,,,,,,,,,,,,,,,,,,,,,,,,,,,,,,,,
DummyProjectileForLaserBall,,2499,sc/effects.sc,,,projectile_small_blue,projectile_small_red,,projectile_light,projectile_light_red,,,,Gen_hit,Gen_hit,no_hit,,0,,,,,0,1,0,100,,,,,,,Gen_Trail_small,true,,true,0,,,,,,,,,,,,,,,,,,,,,,,,,,,,,,,,,,,,,,,,,,,,,,,,,,,,,,,,,,,,,,,,
MechanicTurretProjectile,,3478,sc/effects.sc,,,Bullet_blue,Bullet_red,shadow_normal_circle,,,,,,Gen_hit,Gen_hit,no_hit,,0,,,,,0,2,0,100,,,,,,,,,,,,,,,,,,,,,,,,,,,,,,,,,,,,,,,,,,,,,,,,,,,,,,,,,,,,,,,,,,,,,,,,,,,
UndertakerUltiProjectile,,2718,sc/effects.sc,,,bat_clump_projectile,bat_clump_projectile_red,shadow_normal_circle,,,,,,Gen_hit,Gen_hit,,,400,,,,,0,1,0,100,,,,,,,Bats,true,,,,,,true,,,,,,,,,,,,,,,,,,,,,,,,,125,true,,,,,,,,,,,,,,,,,,,,,,,,,,,,,,,,,,,
Mortis003UltiProjectile,UndertakerUltiProjectile,2718,sc/effects_brawler.sc,,,mortis_003_ulti_projectile,mortis_003_ulti_projectile_red,shadow_normal_circle_big,,,,,,Gen_hit,Gen_hit,mortis_003_ulti_reached,,400,,,,,0,1,0,100,,,,,,,mortis_003_ulti_trail,true,,,,,DoNotRotateClip,true,,,,,,,,,,,,,,,,,,,,,,,,,125,true,,,,,,,,,,,,,,,,,,,,,,,,,,,,,,,,,,,
CrowProjectile,,3261,sc/effects_brawler.sc,,,crow_def_atk_projectile,crow_def_atk_projectile_red,shadow_normal_circle,,,,,,crow_def_atk_reached,crow_def_atk_hit,crow_def_atk_reached,,50,,,,,0,2,0,100,1,,,,,,crow_def_atk_trail,true,,,,,,,,,,,,,,,,,,,,,,,,,,,,,,,,,100,40,80,,,,,,,,,,,,,,,,,,,,,1,,,,,,,,,,,
CrowUltiProjectile,,3261,sc/effects_brawler.sc,,,crow_def_ulti_projectile,crow_def_ulti_projectile_red,shadow_normal_circle,,,,,,crow_def_atk_reached,crow_def_atk_hit,crow_def_atk_reached,,50,,,,,0,1,0,100,,,,,,,crow_def_atk_trail,true,,,,,,,,,,,,,,,,,,,,,,,,,,,,,,,,,100,,,,,,,,,,,,,,,,,,,,,,,1,,,,,,,,,,,
Crow002Projectile,CrowProjectile,,sc/effects_brawler.sc,,,crow_002_atk_projectile,crow_002_atk_projectile_red,shadow_normal_circle,,,,,,Gen_hit,crow_002_hit,crow_002_atk_reachaed,,50,,,,,0,,0,100,,,,,,,crow_002_ulti_trail,true,,,,,,,,,,,,,,,,,,,,,,,,,,,,,,,,,,,,,,,,,,,,,,,,,,,,,,,,3,,,,,,,,,,,
Crow002UltiProjectile,CrowUltiProjectile,,sc/effects_brawler.sc,,,crow_002_ulti_projectile,crow_002_ulti_projectile_red,shadow_normal_circle,,,,,,Gen_hit,crow_002_hit,crow_002_atk_reachaed,,50,,,,,0,,0,100,,,,,,,crow_002_ulti_trail,true,,,,,,,,,,,,,,,,,,,,,,,,,,,,,,,,,,,,,,,,,,,,,,,,,,,,,,,,3,,,,,,,,,,,
Crow003Projectile,CrowProjectile,3261,sc/effects_brawler.sc,,,crow_003_atk_projectile,crow_003_atk_projectile_red,shadow_normal_circle,,,,,,crow_003_atk_reached,crow_003_atk_hit,crow_003_atk_reached,,50,,,,,0,2,0,100,1,,,,,,crow_003_atk_trail,true,,,,,,,,,,,,,,,,,,,,,,,,,,,,,,,,,100,,,,,,,,,,,,,,,,,,,,,,,1,,,,,,,,,,,
Crow003UltiProjectile,CrowUltiProjectile,3261,sc/effects_brawler.sc,,,crow_003_atk_projectile,crow_003_atk_projectile_red,shadow_normal_circle,,,,,,crow_003_atk_reached,crow_003_atk_hit,crow_003_atk_reached,,50,,,,,0,1,0,100,,,,,,,crow_def_atk_trail,true,,,,,,,,,,,,,,,,,,,,,,,,,,,,,,,,,100,,,,,,,,,,,,,,,,,,,,,,,1,,,,,,,,,,,
DeadMariachiProjectile,,2500,sc/effects_brawler.sc,,,poco_def_atk_blue,poco_def_atk_red,,,,,,,poco_def_hit_env,poco_def_hit_char,poco_def_atk_end,,150,,,,,0,4,0,80,,,,,,,poco_def_atk_trail,true,,,,,DoNotRotateClip,true,,,,,,,,,,,,,,,,,,,,,,,,,,,,,,true,,true,,,,,,,,,,,,,,,,,,,,,,,,,,,,,
DeadMariachiUltiProjectile,,5000,sc/effects_brawler.sc,,,poco_def_ulti,poco_def_ulti,,,,,,,poco_def_ultiEnd,Mariachi_hit,poco_def_ultiEnd,,400,,,,,0,1,0,100,,,,,,,poco_def_ulti_trail,true,,,,,DoNotRotateClip,true,,,,,,,,,,,,,,,,,,,,,,,,,,true,,,,true,100,,,,,,,,,,,,,,,,,,,,,,,,,,,,,,
Poco002Projectile,DeadMariachiProjectile,,sc/effects_brawler.sc,,,poco_002_atk_blue,poco_002_atk_red,,,,,,,poco_002_hit_env,poco_002_hit_char,poco_002_atk_end,,150,,,,,0,,0,80,,,,,,,poco_002_atk_trail,true,,,,,DoNotRotateClip,,,,,,,,,,,,,,,,,,,,,,,,,,,,,,,,,true,,,,,,,,,,,,,,,,,,,,,,,,,,,,,
Poco002UltiProjectile,DeadMariachiUltiProjectile,,sc/effects_brawler.sc,,,poco_002_ulti,poco_002_ulti,,,,,,,poco_002_ultiEnd,Mariachi_hit,poco_002_ultiEnd,,400,,,,,0,,0,100,,,,,,,poco_002_ulti_trail,true,,,,,DoNotRotateClip,,,,,,,,,,,,,,,,,,,,,,,,,,,,,,,,,,,,,,,,,,,,,,,,,,,,,,,,,,,,,,
Poco003Projectile,DeadMariachiProjectile,,sc/effects_brawler.sc,,,poco_003_atk_blue,poco_003_atk_red,,,,,,,poco_def_hit_env,poco_def_hit_char,poco_def_atk_end,,150,,,,,0,,0,80,,,,,,,poco_def_atk_trail,true,,,,,DoNotRotateClip,,,,,,,,,,,,,,,,,,,,,,,,,,,,,,,,,true,,,,,,,,,,,,,,,,,,,,,,,,,,,,,
Poco003UltiProjectile,DeadMariachiUltiProjectile,,sc/effects_brawler.sc,,,poco_003_ulti,poco_003_ulti,,,,,,,poco_003_ultiEnd,Mariachi_hit,poco_003_ultiEnd,,400,,,,,0,,0,100,,,,,,,poco_003_ulti_trail,true,,,,,DoNotRotateClip,,,,,,,,,,,,,,,,,,,,,,,,,,,,,,,,,,,,,,,,,,,,,,,,,,,,,,,,,,,,,,
BowDudeSpawnMineProjectile,,2391,sc/effects_brawler.sc,sc3d/bo_def_ulti_projectile_blue.scw,sc3d/bo_def_ulti_projectile_red.scw,,,shadow_normal_circle,,,,,,,,,,0,true,,,,405,2,0,100,,Bo_def_ulti1_area,,,,,,true,,,,,UseZFrames,,,,,,,,,,,,,,,,,,,,,,,,,,,,,,,,,,,,,,,,,,,,,,,,,,,,,,,,,,,,,,
BowDudeProjectile,,2609,sc/effects_brawler.sc,,,bo_def_atk,bo_def_atk_red,shadow_normal_circle,,,,,,,,,,70,,,,,0,5,0,100,,Brock_def_atk_area,,,,,fire_spark_trail,true,,,,,,,,,,,,,,,,,,,,,,,,,,,,,,,,,,,,,,,true,,,,,,,,,,,,,,,,,,,,,,,,,,,,
Bow002Projectile,BowDudeProjectile,,sc/effects_brawler.sc,,,bo_002_atk,bo_002_atk_red,shadow_normal_circle,,,,,,,,,,,,,,,0,,0,100,,Brock_def_atk_area,,,,,fire_spark_trail,true,,,,,,,,,,,,,,,,,,,,,,,,,,,,,,,,,,,,,,,true,,,,,,,,,,,,,,,,,,,,,,,,,,,,
Bow002UltiProjectile,BowDudeSpawnMineProjectile,,sc/effects_brawler.sc,sc3d/bo_002_ulti_projectile_blue.scw,sc3d/bo_002_ulti_projectile_red.scw,bo_002_ulti_tail_blue,bo_002_ulti_tail_red,shadow_normal_circle,,,,,,,,,,,,,,,405,,0,100,,Bo_def_ulti1_area,,,,,bo_002_ulti_trail,true,,,,,UseZFrames,,,,,,,,,,,,,,,,,,,,,,,,,,,,,,,,,,,,,,,,,,,,,,,,,,,,,,,,,,,,,,
Bo003Projectile,BowDudeProjectile,,sc/effects_brawler.sc,,,bo_003_atk_projectile,bo_003_atk_projectile_red,,,,,,,,,,,,,,,,0,,0,100,,Bo_003_atk_area,,,,,bo_003_atk_trail,true,,,,,,,,,,,,,,,,,,,,,,,,,,,,,,,,,,,,,,,true,,,,,,,,,,,,,,,,,,,,,,,,,,,,
Bo003UltiProjectile,BowDudeSpawnMineProjectile,2391,sc/effects_brawler.sc,sc3d/bo_003_ulti_projectile_blue.scw,sc3d/bo_003_ulti_projectile_red.scw,bo_003_ulti_glow,bo_003_ulti_glow,shadow_normal_circle,,,,,,,,,,0,true,,,,405,2,0,100,,Bo_003_ulti1_area,,,,,bo_003_ulti_trail,true,,,,,UseZFrames,,,,,,,,,,,,,,,,,,,,,,,,,,,,,,,,,,,,,,,,,,,,,,,,,,,,,,,,,,,,,,
Bo004Projectile,BowDudeProjectile,,sc/effects_brawler.sc,,,bo_004_atk_projectile,bo_004_atk_projectile_red,,,,,,,,,,,,,,,,0,,0,100,,Bo_004_atk_area,,,,,bo_004_atk_trail,true,,,,,,,,,,,,,,,,,,,,,,,,,,,,,,,,,,,,,,,true,,,,,,,,,,,,,,,,,,,,,,,,,,,,
Bo004UltiProjectile,BowDudeSpawnMineProjectile,2391,sc/effects_brawler.sc,sc3d/bo_004_ulti_projectile_blue.scw,sc3d/bo_004_ulti_projectile_red.scw,,,shadow_normal_circle,,,,,,,,,,0,true,,,,405,2,0,100,,Bo_004_ulti1_area,,,,,bo_004_ulti_trail,true,,,,,UseZFrames,,,,,,,,,,,,,,,,,,,,,,,,,,,,,,,,,,,,,,,,,,,,,,,,,,,,,,,,,,,,,,
SniperProjectile,,4000,sc/effects.sc,,,sniper_bullet_blue,sniper_bullet_red,shadow_normal_circle,,,,,,sniper_hit,sniper_hit,no_hit,,101,,,,,0,3,0,100,,,,,,,Sniper_Trail,true,,,,,,,,,,,,,,,,,,23,100,0,850,,,,,,,,,,,,,,,,,true,,,,,,,,,,,,,,,,,,,,,,,,,,,,,
Piper002Projectile,SniperProjectile,4000,sc/effects_brawler.sc,,,piper_002_atk_projectile,piper_002_atk_projectile_red,shadow_normal_circle,,,,,,piper_002_hitEnv,piper_002_hit,piper_002_hitEnv,,101,,,,,0,3,0,100,,,,,,,piper_002_atk_trail,true,,,,,,,,,,,,,,,,,,23,100,0,850,,,,,,,,,,,,,,,,,true,,,,,,,,,,,,,,,,,,,,,,,,,,,,,
MinigunDudeProjectile,,4130,sc/effects_brawler.sc,,,pam_def_bullet,pam_def_bullet_red,shadow_normal_circle,,,,,,pam_def_atk_hit,pam_def_atk_hit,pam_def_atk_reachaed,,50,,,,,0,2,0,85,2,,,,,,,true,,,,,,,,,,,,,,,,,,,,,,,,,,,,,,,,,,,,,,,,,,,,,,,,,,,,,,,,,,,,,,,,,,,
MinigunDudeUltiProjectile,,1196,sc/effects_brawler.sc,,,pam_def_ulti_projectile,pam_def_ulti_projectile_red,shadow_normal_circle,,,,,,,,,,0,true,,,,170,3,0,100,,,,,,,pam_def_ult_trail,true,,,,,,,,,,,,,,,,,,,,,,,,,,,,,,,,,,,,,,,,,,,,,,,,,,,,,,,,,,,,,,,,,,,
Pam002Projectile,MinigunDudeProjectile,4130,sc/effects_brawler.sc,,,pam_002_atk_projectile,pam_002_atk_projectile_red,shadow_normal_circle,,,,,,pam_002_atk_reached,jessie_002_turret_hit,pam_002_atk_reached,,50,,,,,0,2,0,85,2,,,,,,jessie_002_turret_trail,true,,,,,,,,,,,,,,,,,,,,,,,,,,,,,,,,,,,,,,,,,,,,,,,,,,,,,,,,,,,,,,,,,,,
Pam002UltiProjectile,MinigunDudeUltiProjectile,1196,sc/effects_brawler.sc,,,pam_002_ulti_projectile,pam_002_ulti_projectile_red,shadow_normal_circle,,,,,,,,,,0,true,,,,170,3,0,100,,,,,,,pam_def_ult_trail,true,,,,,,,,,,,,,,,,,,,,,,,,,,,,,,,,,,,,,,,,,,,,,,,,,,,,,,,,,,,,,,,,,,,
PrimoDefProjectile,,3261,sc/effects_brawler.sc,sc3d/primo_def_atk_projectile_blue.scw,sc3d/primo_def_atk_projectile_red.scw,,,shadow_normal_circle_big,,,,,,,Lucha_hit,,,150,,,,,0,1,0,80,,,,,,,lucha_smoke_Trail,true,,,,,UseZFrames,true,,,,,,,,,,,,,,,,,,,,,,20,100,,,,,,,,,,true,,,,,,,,,,,,,,,,,,,,,,,,,,,,
Primo003Projectile,PrimoDefProjectile,,sc/effects_brawler.sc,sc3d/primo_003_atk_projectile_blue.scw,sc3d/primo_003_atk_projectile_red.scw,,,shadow_normal_circle_big,,,,,,,primo_003_atk_hit,,,150,,,,,0,1,0,80,,,,,,,primo_003_atk,true,,,,,UseZFrames,true,,,,,,,,,,,,,,,,,,,,,,20,100,,,,,,,,,,true,,,,,,,,,,,,,,,,,,,,,,,,,,,,
BlackHoleProjectile,,3152,sc/effects.sc,,,playing_card,playing_card_red,shadow_normal_circle,,,,,,blackhole_hit_envy,Gen_hit,blackhole_no_hit,,100,,,,,0,2,0,100,,,,,,,sparkle_trail,true,,,,,,true,,,,,,,,,,,,,,,,,,,,,,,,,,,,,,,,,,,,,,,,,,,,,,,,,,,,,,,,,,,,,
BlackHoleUltiProjectile,,1522,sc/effects.sc,,,black_hole_projectile,black_hole_projectile_red,shadow_normal_circle,,,,,,Gen_hit,Gen_hit,,,0,true,,,,200,1,0,100,,BlackHoleUltiSuck,BlackHoleUltiExplosion,,,,sparkle_trail_dark,true,,,,,DoNotRotateClip,,,,,,,,,,,,,,,,,,,,,,,,,,,,,,,,,,,,,,,,,,,,,,,,,,,,,,,,,,,,,,
Tara002Projectile,BlackHoleProjectile,3152,sc/effects_brawler.sc,,,tara_002_atk_projectile,tara_002_atk_projectile_red,shadow_normal_circle,,,,,,tara_002_atk_hitEnv,tara_002_atk_hit,tara_002_atk_reached,,100,,,,,0,2,0,100,,,,,,,tara_002_atk_trail,true,,,,,,true,,,,,,,,,,,,,,,,,,,,,,,,,,,,,,,,,,,,,,,,,,,,,,,,,,,,,,,,,,,,,
Tara002UltiProjectile,BlackHoleUltiProjectile,1522,sc/effects_brawler.sc,,,tara_002_ulti_projectile,tara_002_ulti_projectile_red,shadow_normal_circle,,,,,,Gen_hit,Gen_hit,,,0,true,,,,200,1,0,100,,BlackHoleUltiSuck,BlackHoleUltiExplosion,,,,tara_002_ulti_trail,true,,,,,DoNotRotateClip,,,,,,,,,,,,,,,,,,,,,,,,,,,,,,,,,,,,,,,,,,,,,,,,,,,,,,,,,,,,,,
BarrelBotProjectile,,3044,sc/effects_brawler.sc,,,bullet_shotgun_def_blue_short,bullet_shotgun_def_red_short,shadow_normal_circle,,,,,,Gen_hit,Gen_hit,bull_def_atk_reached,,0,,,,,0,2,0,100,,,,,,,,true,,,,,,,,,,,,,,,,,,,,,,,,,,,,,,,,,,,,,,,,,,,,,,,,,,,,,,,,,,,,,,,,,,,
Darryl002Projectile,BarrelBotProjectile,,sc/effects_brawler.sc,,,darryl_002_projectile_blue,darryl_002_projectile_red,shadow_normal_circle,,,,,,darryl_002_atk_reached,Gen_hit,darryl_002_atk_reached,,,,,,,0,,0,100,,,,,,,darryl_002_dumpling_trail,true,,,,,,,,,,,,,,,,,,,,,,,,,,,,,,,,,,,,,,,,,,,,,,,,,,,,,,,,,,,,,,,,,,,
Darryl003Projectile,BarrelBotProjectile,,sc/effects_brawler.sc,,,darryl_003_projectile_blue,darryl_003_projectile_red,shadow_normal_circle,,,,,,darryl_003_atk_reached,darryl_003_atk_reached,darryl_003_atk_reached,,,,,,,0,,0,100,2,,,,,,darryl_003_atk_trail,true,,,,,,,,,,,,,,,,,,,,,,,,,,,,,,,,,,,,,,,,,,,,,,,,,,,,,,,,,,,,,,,,,,,
Darryl004Projectile,BarrelBotProjectile,,sc/effects_brawler.sc,,,darryl_004_projectile_blue,darryl_004_projectile_red,shadow_normal_circle,,,,,,darryl_004_atk_reached,darryl_004_atk_hit,darryl_004_atk_reached,,,,,,,0,,0,100,,,,,,,darryl_004_atk_trail,true,,,,,DoNotRotateClip,,,,,,,,,,,,,,,,,,,,,,,,,,,,,,,,,,,,,,,,,,,,,,,,,,,,,,,,,,,,,,
ArtilleryDudeProjectile,,3000,sc/effects_brawler.sc,,,penny_def_atk_projectile,penny_def_atk_projectile_red,shadow_normal_circle,,,,,,penny_def_atk1_hit_env,penny_def_atk1_hit,penny_def_atk1_reached,,150,,,,,0,2,0,120,,,,,,,penny_def_atk_trail,true,,,,,,,,,,,,,3,100,16,ArtilleryDudeProjectile2,,,,,,,,,,,,,,,,,,,,,,,,,,,,,,,,,,,,,,,,,,,,,,,,,,,
ArtilleryDudeProjectile2,,2500,sc/effects_brawler.sc,,,penny_def_atk2_projectile,penny_def_atk2_projectile_red,shadow_normal_circle,,,,,,Gen_hit,penny_def_atk2_hit,penny_def_atk2_reached,,101,,,,,0,2,0,60,,,,,,,,true,,,,,,true,,,,,,,,,,,,,,,,,,,,,,,,,,,,,,,,,,,,,,,,,,,,,,,,,,,,,,,,,,,,,
ArtilleryDudeUltiProjectile,,1196,sc/effects_brawler.sc,,,penny_def_ulti_projectile,penny_def_ulti_projectile_red,shadow_normal_circle,,,,,,Gen_hit,Gen_hit,,,0,true,,,,139,1,0,100,,,,,,,plasma_trail,true,,,,,DoNotRotateClip,,,,,,,,,,,,,,,,,,,,,,,,,,,,,,,,,,,,,,,,,,,,,,,,,,,,,,,,,,,,,,
ArtilleryDudeTurretProjectile,,750,sc/effects.sc,,,cannon_projectile_blue,cannon_projectile_red,shadow_normal_circle,,,,,,Gen_hit,Gen_hit,,,0,true,true,,,90,1,0,100,1,ArtilleryDudeTurretExplosion,,,,,fire_spark_trail,,,,,,,,,,,,,,,,,,,,,,,,,,,,,,,,,,,,,,,,,,,,,,,,,,,,,,,,,,,,,,,,,,,,
Penny002Projectile,ArtilleryDudeProjectile,,sc/effects_brawler.sc,,,penny_002_atk_projectile,penny_002_atk_projectile_red,shadow_normal_circle,,,,,,penny_002_atk1_hit_env,penny_002_atk1_hit,penny_002_atk1_reached,,,,,,,0,,0,120,,,,,,,penny_002_atk_trail,true,,,,,,,,,,,,,,,,Penny002Projectile2,,,,,,,,,,,,,,,,,,,,,,,,,,,,,,,,,,,,,,,,,,,,,,,,,,,
Penny002Projectile2,ArtilleryDudeProjectile2,,sc/effects_brawler.sc,,,penny_002_atk2_projectile,penny_002_atk2_projectile_red,shadow_normal_circle,,,,,,Gen_hit,penny_def_atk2_hit,penny_002_atk2_reached,,,,,,,0,,0,60,,,,,,,,true,,,,,,,,,,,,,,,,,,,,,,,,,,,,,,,,,,,,,,,,,,,,,,,,,,,,,,,,,,,,,,,,,,,
Penny002UltiProjectile,ArtilleryDudeUltiProjectile,,sc/effects_brawler.sc,,,penny_002_ulti_projectile,penny_002_ulti_projectile_red,shadow_normal_circle,,,,,,Gen_hit,Gen_hit,,,,,,,,139,,0,100,,,,,,,penny_002_ulti_trail,true,,,,,DoNotRotateClip,,,,,,,,,,,,,,,,,,,,,,,,,,,,,,,,,,,,,,,,,,,,,,,,,,,,,,,,,,,,,,
Penny002TurretProjectile,ArtilleryDudeTurretProjectile,,sc/effects.sc,,,penny_002_atk_projectile,cannon_projectile_red,shadow_normal_circle,,,,,,Gen_hit,Gen_hit,,,,,true,,,90,,0,100,1,ArtilleryDudeTurretExplosion,,,,,fire_spark_trail,,,,,,,,,,,,,,,,,,,,,,,,,,,,,,,,,,,,,,,,,,,,,,,,,,,,,,,,,,,,,,,,,,,,
Penny003Projectile,ArtilleryDudeProjectile,,sc/effects_brawler.sc,,,penny_003_atk_projectile,penny_003_atk_projectile_red,shadow_normal_circle,,,,,,penny_003_atk1_hit_env,penny_003_atk1_hit,penny_003_atk1_reached,,,,,,,0,,0,120,,,,,,,penny_003_atk_trail,true,,,,,,,,,,,,,,,,Penny003Projectile2,,,,,,,,,,,,,,,,,,,,,,,,,,,,,,,,,,,,,,,,,,,,,,,,,,,
Penny003Projectile2,ArtilleryDudeProjectile2,,sc/effects_brawler.sc,,,penny_003_atk2_projectile,penny_003_atk2_projectile_red,shadow_normal_circle,,,,,,penny_003_atk2_reached,penny_def_atk2_hit,penny_003_atk2_reached,,,,,,,0,,0,60,,,,,,,,true,,,,,,,,,,,,,,,,,,,,,,,,,,,,,,,,,,,,,,,,,,,,,,,,,,,,,,,,,,,,,,,,,,,
Penny003UltiProjectile,ArtilleryDudeUltiProjectile,,sc/effects_brawler.sc,,,penny_003_ulti_projectile,penny_003_ulti_projectile_red,shadow_normal_circle,,,,,,Gen_hit,Gen_hit,,,,,,,,139,,0,100,,,,,,,penny_003_ulti_trail,true,,,,,DoNotRotateClip,,,,,,,,,,,,,,,,,,,,,,,,,,,,,,,,,,,,,,,,,,,,,,,,,,,,,,,,,,,,,,
Penny004Projectile,ArtilleryDudeProjectile,,sc/effects_brawler.sc,,,penny_004_atk_projectile,penny_004_atk_projectile_red,shadow_normal_circle,,,,,,penny_004_atk1_hit_env,penny_004_atk1_hit,penny_004_atk1_reached,,,,,,,0,,0,120,,,,,,,penny_004_atk_trail,true,,,,,,,,,,,,,,,,Penny004Projectile2,,,,,,,,,,,,,,,,,,,,,,,,,,,,,,,,,,,,,,,,,,,,,,,,,,,
Penny004Projectile2,ArtilleryDudeProjectile2,,sc/effects_brawler.sc,,,penny_004_atk2_projectile,penny_004_atk2_projectile_red,shadow_normal_circle,,,,,,penny_004_atk2_reached,penny_def_atk2_hit,penny_004_atk2_reached,,,,,,,0,,0,60,,,,,,,,true,,,,,,,,,,,,,,,,,,,,,,,,,,,,,,,,,,,,,,,,,,,,,,,,,,,,,,,,,,,,,,,,,,,
Penny004UltiProjectile,ArtilleryDudeUltiProjectile,,sc/effects_brawler.sc,,,penny_004_ulti_projectile,penny_004_ulti_projectile_red,shadow_normal_circle,,,,,,Gen_hit,Gen_hit,,,,,,,,139,,0,100,,,,,,,penny_003_ulti_trail,true,,,,,DoNotRotateClip,,,,,,,,,,,,,,,,,,,,,,,,,,,,,,,,,,,,,,,,,,,,,,,,,,,,,,,,,,,,,,
ShotgunGirlPetProjectile,,2826,sc/effects.sc,,,Bullet_blue,Bullet_red,shadow_normal_circle,,,,,,Gen_hit,Gen_hit,no_hit,,0,,,,,0,2,0,100,,,,,,,,,,,,,,,,,,,,,,,,,,,,,,,,,,,,,,,,,,,,,,,,,,,,,,,,,,,,,,,,,,,,,,,,,,,
BlackHolePetProjectile,,3152,sc/effects.sc,,,playing_card,playing_card_red,shadow_normal_circle,,,,,,Gen_hit,Gen_hit,no_hit,,50,,,,,0,2,0,100,,,,,,,sparkle_trail,,,,,,,true,,,,,,,,,,,,,,,,,,,,,,,,,,,,,,,,,,,,,,,,,,,,,,,,,,,,,,,,,,,,,
HammerDudeProjectile,,5000,sc/effects_brawler.sc,,,nita_def_atk_blue,nita_def_atk_red,shadow_normal_circle,,,,,,Gen_hit,Gen_hit,nita_def_atk_end_blue,,150,,,,,0,2,0,100,,,,,,,nita_def_atk_trail,true,,,,,DoNotRotateClip,true,,,,,,,,,,,,,,,,,,,,,,,,,,,,,,true,,,,,,,,,,,,,,,,,,,,,,,,,,,,,,,
HammerDudeUltiProjectile,,6000,sc/effects_brawler.sc,,,nita_def_atk_blue,nita_def_atk_red,shadow_normal_circle,,,,,,Gen_hit,Gen_hit,nita_def_atk_end_blue,,250,,,,,0,2,0,100,,,,,,,nita_def_atk_trail,true,,,,,DoNotRotateClip,true,true,true,,,,,,,,,,,,,,,,,,2000,,,,,,,,,,true,,,,,,,,,,,,,,,,,,,,,,,,,,,,,,,
CrowProjectileFlame,CrowProjectile,,sc/effects_brawler.sc,,,crow_def_atk_projectile,crow_def_atk_projectile_red,shadow_normal_circle,,,,,,Gen_hit,,no_hit,,,,,,,0,,0,100,,,,,,,flame_trail,true,,,,,,,,,,,,,,,,,,,,,,,,,,,,,,,,,,,,,,,,,,,,,,,,,,,,,,,,2,,,,,,,,,,,
CrowUltiProjectileFlame,CrowUltiProjectile,,sc/effects_brawler.sc,,,crow_def_ulti_projectile,crow_def_ulti_projectile_red,shadow_normal_circle,,,,,,Gen_hit,,no_hit,,,,,,,0,,0,100,,,,,,,flame_trail,true,,,,,,,,,,,,,,,,,,,,,,,,,,,,,,,,,,,,,,,,,,,,,,,,,,,,,,,,2,,,,,,,,,,,
HookProjectile,,3200,sc/effects_brawler.sc,,,gene_def_atk1_projectile_blue,gene_def_atk1_projectile_red,gene_def_atk1_projecctile_shadow,,,,,,gene_def_atk1_reachaed,gene_def_atk1Hit,gene_def_atk1_reachaed,,150,,,,,0,2,0,150,,,,,,,gene_def_atk_trail,true,,,,,UseZFrames,,,,,,,,6,200,17,HookProjectile2,1,,,,,,,,,,,,,,,,,,,,,,,,,,,,,,,,,,,,,,,,,,,,,,,,,,
HookProjectile2,,3200,sc/effects_brawler.sc,,,gene_def_atk2_projectile_blue,gene_def_atk2_projectile_red,shadow_normal_circle,,,,,,gene_def_atk2Env,gene_def_atk2Hit,gene_def_atk2_reachaed,,101,,,,,0,2,0,120,,,,,,,,true,,,,,UseZFrames,,,,,,,,,,,,,,,,,,,,,,,,,,,,,,,,,,,,,,,,,,,,,,,,,,,,,,,,,,,,,,
HookUltiProjectile,,3200,sc/effects_brawler.sc,sc3d/gene_projectile_open_blue.scw,sc3d/gene_projectile_open_red.scw,gene_def_ulti1_trail,gene_def_ulti1_trail_red,,glow_normal_blue_big,,,,,gene_def_ulti_reached,gene_def_ulti_hit,gene_def_ulti_reached,,200,,,,,0,4,0,60,,,,,,,gene_def_ulti_trail,true,,,,,,,,,,,,,,,,HookUltiProjectile2,,,,,,,,,,,,,,,,true,,,,,,,,true,,,,,,,,,,,,,,,,,,,,,,,,,,,
HookUltiProjectile2,,2000,sc/effects_brawler.sc,sc3d/gene_projectile_closed_blue.scw,sc3d/gene_projectile_closed_red.scw,gene_def_ulti1_trail,gene_def_ulti1_trail_red,,glow_normal_blue_big,,,,,Gen_hit,Gen_hit,no_hit,,200,,,,,0,2,0,60,,,,,,,gene_def_ulti_trail,true,,,,,,,true,true,,,,,,,,,,,,,,,,,,,,,,,,true,,,,,,,,true,,,,,,,,,,,,,,,,,,,,,,,,,,,
Gene002Projectile,HookProjectile,3200,sc/effects_brawler.sc,,,gene_def_atk1_projectile_blue,gene_def_atk1_projectile_red,gene_def_atk1_projecctile_shadow,,,,,,gene_def_atk1_reachaed,gene_def_atk1Hit,gene_def_atk1_reachaed,,150,,,,,0,2,0,150,,,,,,,gene_def_atk_trail,true,,,,,UseZFrames,,,,,,,,6,200,17,Gene002Projectile2,1,,,,,,,,,,,,,,,,,,,,,,,,,,,,,,,,,,,,,,,,,,,,,,,,,,
Gene002Projectile2,HookProjectile2,3200,sc/effects_brawler.sc,,,gene_def_atk2_projectile_blue,gene_def_atk2_projectile_red,shadow_normal_circle,,,,,,gene_def_atk2Env,gene_def_atk2Hit,gene_def_atk2_reachaed,,101,,,,,0,2,0,120,,,,,,,,true,,,,,UseZFrames,,,,,,,,,,,,,,,,,,,,,,,,,,,,,,,,,,,,,,,,,,,,,,,,,,,,,,,,,,,,,,
Gene002UltiProjectile,HookUltiProjectile,3200,sc/effects_brawler.sc,sc3d/gene_002_ulti_01.scw,sc3d/gene_002_ulti_red_01.scw,,,,glow_normal_blue_big,glow_normal_red_big,,,,gene_002_ulti_reached,gene_def_ulti_hit,gene_002_ulti_reached,,200,,,,,0,4,0,60,,,,,,,gene_002_ulti_trail,true,,,,,,,,,,,,,,,,Gene002UltiProjectile2,,,,,,,,,,,,,,,,true,,,,,,,,true,,,,,,,,,,,,,,,,,,,,,,,,,,,
Gene002UltiProjectile2,HookUltiProjectile2,2000,sc/effects_brawler.sc,sc3d/gene_002_ulti_01.scw,sc3d/gene_002_ulti_red_01.scw,,,,glow_normal_blue_big,glow_normal_red_big,,,,Gen_hit,Gen_hit,no_hit,,200,,,,,0,2,0,60,,,,,,,gene_002_ulti_trail,true,,,,,,,true,true,,,,,,,,,,,,,,,,,,,,,,,,true,,,,,,,,true,,,,,,,,,,,,,,,,,,,,,,,,,,,
Gene003Projectile,HookProjectile,3200,sc/effects_brawler.sc,,,gene_003_atk1_projectile_blue,gene_003_atk1_projectile_red,gene_def_atk1_projecctile_shadow,,,,,,gene_003_atk1_reached,gene_003_atk1_hit,gene_003_atk1_reached,,150,,,,,0,2,0,150,,,,,,,gene_003_atk1_trail,true,,,,,UseZFrames,,,,,,,,6,200,17,Gene003Projectile2,1,,,,,,,,,,,,,,,,,,,,,,,,,,,,,,,,,,,,,,,,,,,,,,,,,,
Gene003Projectile2,HookProjectile2,3200,sc/effects_brawler.sc,,,gene_003_atk2_projectile_blue,gene_003_atk2_projectile_red,shadow_normal_circle,,,,,,gene_003_atk2_reached,gene_003_atk2_hit,gene_003_atk2_reached,,101,,,,,0,2,0,120,,,,,,,gene_003_atk2_trail,true,,,,,UseZFrames,,,,,,,,,,,,,,,,,,,,,,,,,,,,,,,,,,,,,,,,,,,,,,,,,,,,,,,,,,,,,,
Gene003UltiProjectile,HookUltiProjectile,3200,sc/effects_brawler.sc,sc3d/gene_003_ulti_01_blue.scw,sc3d/gene_003_ulti_01_red.scw,,,shadow_normal_circle_big,,,,,,gene_003_ulti_reached,gene_003_ulti_hit,gene_003_ulti_reached,,200,,,,,0,4,0,60,,,,,,,gene_003_ulti_trail,true,,,,,,,,,,,,,,,,Gene003UltiProjectile2,,,,,,,,,,,,,,,,true,,,,,,,,true,,,,,,,,,,,,,,,,,,,,,,,,,,,
Gene003UltiProjectile2,HookUltiProjectile2,2000,sc/effects_brawler.sc,sc3d/gene_003_ulti_02_blue.scw,sc3d/gene_003_ulti_02_red.scw,,,shadow_normal_circle_big,,,,,,Gen_hit,Gen_hit,no_hit,,200,,,,,0,2,0,60,,,,,,,gene_003_ulti_trail,true,,,,,,,true,true,,,,,,,,,,,,,,,,,,,,,,,,true,,,,,,,,true,,,,,,,,,,,,,,,,,,,,,,,,,,,
ClusterBombProjectile,,450,sc/effects.sc,sc3d/tick_def_atk_projectile_blue.scw,sc3d/tick_def_atk_projectile_blue.scw,,,shadow_normal_circle,,,,,,Gen_hit,Gen_hit,,,0,true,true,900,,25,2,0,100,,ClusterBombExplosion,,,,,brock_def_atk_trail,true,,,,,,,,,,,,,,,,,,,,,,,,,,,,,,,,,,,,,,,,,,,,,,,,,,,,,,,,,,,,,,,,,,,
ClusterBombProjectile2,,2000,sc/effects.sc,,,cactus_ulti_projectile,cactus_ulti_projectile_red,shadow_normal_circle,,,,,,Gen_hit,Gen_hit,,,0,true,true,,,200,1,0,100,,ClusterBombExplosion2,,,,,Gen_Trail_dust,true,,,,,,,,,,,,,,,,,,,,,,,,,,,,,,,,,,,,,,,,,,,,,,,,,,,,,,,,,,,,,,,,,,,
ClusterBombSummonProjectile,,1196,sc/effects_brawler.sc,sc3d/tick_def_ulti_projectile_blue.scw,sc3d/tick_def_ulti_projectile_blue.scw,,,shadow_normal_circle,,,,,,Gen_hit,Gen_hit,,,0,true,,,,170,1,0,100,,,,,,,nita_def_ulti_trail,true,,,,,,,,,,,,,,,,,,,,,,,,,,,,,,,,,,,,,,,,,,,,,,,,,,,,,,,,,,,,,,,,,,,
Tick002Projectile,ClusterBombProjectile,450,sc/effects.sc,sc3d/tick_002_atk1.scw,sc3d/tick_002_atk1_red.scw,,,shadow_normal_circle,,,,,,Gen_hit,Gen_hit,,,0,true,true,900,,25,2,0,100,,Tick002Explosion,,,,,brock_def_atk_trail,true,,,,,,,,,,,,,,,,,,,,,,,,,,,,,,,,,,,,,,,,,,,,,,,,,,,,,,,,,,,,,,,,,,,
Tick002Projectile2,ClusterBombProjectile2,2000,sc/effects.sc,,,cactus_ulti_projectile,cactus_ulti_projectile_red,shadow_normal_circle,,,,,,Gen_hit,Gen_hit,,,0,true,true,,,200,1,0,100,,ClusterBombExplosion2,,,,,Gen_Trail_dust,true,,,,,,,,,,,,,,,,,,,,,,,,,,,,,,,,,,,,,,,,,,,,,,,,,,,,,,,,,,,,,,,,,,,
Tick002UltiProjectile,ClusterBombSummonProjectile,1196,sc/effects_brawler.sc,sc3d/tick_002_ulti_projectile.scw,sc3d/tick_002_ulti_projectile.scw,,,shadow_normal_circle,,,,,,Gen_hit,Gen_hit,,,0,true,,,,170,1,0,100,,,,,,,nita_def_ulti_trail,true,,,,,,,,,,,,,,,,,,,,,,,,,,,,,,,,,,,,,,,,,,,,,,,,,,,,,,,,,,,,,,,,,,,
Tick003Projectile,ClusterBombProjectile,450,sc/effects.sc,sc3d/tick_003_atk1.scw,sc3d/tick_003_atk1_red.scw,,,shadow_normal_circle,,,,,,Gen_hit,Gen_hit,,,0,true,true,900,,25,2,0,100,,Tick003Explosion,,,,,tick_003_atk1_trail,true,,,,,,,,,,,,,,,,,,,,,,,,,,,,,,,,,,,,,,,,,,,,,,,,,,,,,,,,,,,,,,,,,,,
Tick003Projectile2,ClusterBombProjectile2,2000,sc/effects.sc,,,cactus_ulti_projectile,cactus_ulti_projectile_red,shadow_normal_circle,,,,,,Gen_hit,Gen_hit,,,0,true,true,,,200,1,0,100,,Tick003Explosion2,,,,,Gen_Trail_dust,true,,,,,,,,,,,,,,,,,,,,,,,,,,,,,,,,,,,,,,,,,,,,,,,,,,,,,,,,,,,,,,,,,,,
Tick003UltiProjectile,ClusterBombSummonProjectile,1196,sc/effects_brawler.sc,sc3d/tick_003_ulti.scw,sc3d/tick_003_ulti.scw,,,shadow_normal_circle,,,,,,Gen_hit,Gen_hit,,,0,true,,,,170,1,0,100,,,,,,,nita_def_ulti_trail,true,,,,,,,,,,,,,,,,,,,,,,,,,,,,,,,,,,,,,,,,,,,,,,,,,,,,,,,,,,,,,,,,,,,
TickSilverUltiProjectile,ClusterBombSummonProjectile,1196,sc/effects_brawler.sc,sc3d/tick_silver_ulti_projectile.scw,sc3d/tick_silver_ulti_projectile.scw,,,shadow_normal_circle,,,,,,Gen_hit,Gen_hit,,,0,true,,,,170,1,0,100,,,,,,,nita_def_ulti_trail,true,,,,,,,,,,,,,,,,,,,,,,,,,,,,,,,,,,,,,,,,,,,,,,,,,,,,,,,,,,,,,,,,,,,
TickGoldUltiProjectile,ClusterBombSummonProjectile,1196,sc/effects_brawler.sc,sc3d/tick_gold_ulti_projectile.scw,sc3d/tick_gold_ulti_projectile.scw,,,shadow_normal_circle,,,,,,Gen_hit,Gen_hit,,,0,true,,,,170,1,0,100,,,,,,,nita_def_ulti_trail,true,,,,,,,,,,,,,,,,,,,,,,,,,,,,,,,,,,,,,,,,,,,,,,,,,,,,,,,,,,,,,,,,,,,
ArcadeProjectile,,4500,sc/effects_brawler.sc,,,arcade_def_projectile,arcade_def_projectile_red,,projectile_light,projectile_light_red,,,,arcade_def_atk_reached,arcade_def_atk_hit,arcade_def_atk_reached,,50,,,,,0,3,0,100,2,,,,,,arcade_def_atk_trail,true,,,,,,,,,,,,,,,,,,,,,,,,,,,,,,,,,,,,,,,,,,,,,,,,,,,,,,,,,,,,,,,,,,,
Arcade002Projectile,ArcadeProjectile,4500,sc/effects_brawler.sc,,,arcade_002_projectile,arcade_002_projectile_red,,projectile_light_green,projectile_light_purple,,,,arcade_002_atk_hitEnv,arcade_002_atk_hit,arcade_002_atk_reached,,50,,,,,0,3,0,100,2,,,,,,arcade_002_atk_trail,true,,,,,,,,,,,,,,,,,,,,,,,,,,,,,,,,,,,,,,,,,,,,,,,,,,,,,,,,,,,,,,,,,,,
ArcadeUltiProjectile,,1196,sc/effects_brawler.sc,sc3d/arcade_def_ulti.scw,sc3d/arcade_def_ulti_red.scw,,,shadow_normal_circle,,,,,,,,,,0,true,,,,170,3,0,100,,,,,,,arcade_def_ulti_trail,true,,,,,,,,,,,,,,,,,,,,,,,,,,,,,,,,,,,,,,,,,,,,,,,,,,,,,,,,,,,,,,,,,,,
Arcade002UltiProjectile,ArcadeUltiProjectile,1196,sc/effects_brawler.sc,sc3d/arcade_002_ulti.scw,sc3d/arcade_002_ulti.scw,,,shadow_normal_circle,,,,,,,,,,0,true,,,,170,3,0,100,,,,,,,arcade_002_ulti_trail,true,,,,,,,,,,,,,,,,,,,,,,,,,,,,,,,,,,,,,,,,,,,,,,,,,,,,,,,,,,,,,,,,,,,
LeonDefProjectile,,3500,sc/effects_brawler.sc,,,leon_def_atk_projectile,leon_def_atk_projectile_red,shadow_normal_circle,,,,,,Gen_hit,Gen_hit,leon_def_atk_reachaed,,100,,,,,0,2,0,80,,,,,,,,true,,,,,,,,,,,,,,,,,,100,40,150,1000,,,,,,,,,,,,,,,,,,,,,,,,,,,,,,,,,,,,,,,,,,,,,,
Leon002Projectile,LeonDefProjectile,,sc/effects_brawler.sc,,,leon_002_atk_projectile,leon_002_atk_projectile_red,shadow_normal_circle,,,,,,leon_002_atk_hitEnv,leon_002_atk_hit,leon_002_atk_reachaed,,,,,,,,,,80,,,,,,,leon_002_atk_trail,,,,,,,,,,,,,,,,,,,,,,,,,,,,,,,,,,,,,,,,,,,,,,,,,,,,,,,,,,,,,,,,,,,,
Leon003Projectile,LeonDefProjectile,,sc/effects_brawler.sc,,,leon_003_atk_projectile,leon_003_atk_projectile_red,shadow_normal_circle,,,,,,leon_003_atk_hitEnv,leon_003_atk_hit,leon_003_atk_reachaed,,,,,,,,,,80,,,,,,,leon_003_atk_trail,,,,,,,,,,,,,,,,,,,,,,,,,,,,,,,,,,,,,,,,,,,,,,,,,,,,,,,,,,,,,,,,,,,,
Leon004Projectile,LeonDefProjectile,,sc/effects_brawler.sc,,,leon_004_atk_projectile,leon_004_atk_projectile_red,shadow_normal_circle,,,,,,leon_004_atkEnd,leon_004_atkHit,leon_004_atkEnd,,,,,,,,,,80,1,,,,,,leon_004_atk_trail,,,,,,,,,,,,,,,,,,,,,,,,,,,,,,,,,,,,,,,,,,,,,,,,,,,,,,,,,,,,,,,,,,,,
RosaProjectile,,5000,sc/effects_brawler.sc,sc3d/rosa_def_atk_projectile_blue.scw,sc3d/rosa_def_atk_projectile_red.scw,,,shadow_normal_circle_big,,,,,,rosa_def_hit,rosa_def_hit,,,150,,,,,0,2,0,80,,,,,,,rosa_def_atk_swoosh,true,,,,,UseZFrames,true,,,,,,,,,,,,,,,,,,,,,,,,,,,,,,true,,,,,,,,,,,,,,,,,,,,,,,,,,,,,,,
Rosa002Projectile,RosaProjectile,5000,sc/effects_brawler.sc,sc3d/rosa_002_atk_projectile.scw,sc3d/rosa_002_atk_projectile_red.scw,,,shadow_normal_circle_big,,,,,,rosa_def_hit,rosa_def_hit,,,150,,,,,0,2,0,80,,,,,,,rosa_def_atk_swoosh,true,,,,,UseZFrames,true,,,,,,,,,,,,,,,,,,,,,,,,,,,,,,true,,,,,,,,,,,,,,,,,,,,,,,,,,,,,,,
CoopRangedEnemyProjectile,,4000,sc/effects.sc,,,Bullet_red,Bullet_red,shadow_normal_circle,,,,,,Gen_hit,Gen_hit,no_hit,,100,,,,,0,2,0,150,,,,,,,,,,,,,,,,,,,,,,,,,,,,,,,,,,,,,,,,,,,,,,,,,,,,,,,,,,,,,,,,,,,,,,,,,,,
BossProjectile,,3000,sc/effects.sc,sc3d/brock_rocket_blue.scw,sc3d/brock_rocket_red.scw,,,shadow_normal_circle,,,,,,explosion_rocket_rose,explosion_rocket_rose,explosion_rocket_rose,,150,,,,,0,3,0,100,,,,,,,Rocket_Trail,,,,,,,,true,,,,,,,,,,,,,,,,,,,,,,,,,,,,,,,,,,,,,,,,,,,,,,,,,,,,,,,,,,,,
RaidBossRangedEnemyProjectile,,4000,sc/effects.sc,,,Bullet_red,Bullet_red,shadow_normal_circle,,,,,,Gen_hit,Gen_hit,no_hit,,100,,,,,0,2,0,150,,,,,,,,,,,,,,,,,,,,,,,,,,,,,,,,,,,,,,,,,,,,,,,,,,,,,,,,,,,,,,,,,,,,,,,,,,,
RaidBossProjectileRed,,5000,sc/effects.sc,,,gen_beam_red,gen_beam_red,,projectile_light_red,projectile_light_red,,,,Gen_hit,Gen_hit,no_hit,,150,,,,,0,3,0,130,,,,,,,Gen_Trail_small,,true,,,,,,,,,,,,,,,,,,,,,,,,,,,,,,,,,,,,,,,,,,,,,,,,,,,,,,,,,,,,,,,,,,
RaidBossProjectileRedDestroyEnv,,5000,sc/effects.sc,,,gen_beam_red,gen_beam_red,,projectile_light_red,projectile_light_red,,,,explosion_rocket_rose,explosion_rocket_rose,explosion_rocket_rose,,150,,,,,0,3,0,130,,,,,,,Gen_Trail_small,,true,,,,,,true,,,,,,,,,,,,,,,,,,,,,,,,,,,,,,,,,,,,,,,,,,,,,,,,,,,,,,,,,,,,
RaidBossProjectileGold,,5000,sc/effects.sc,,,gen_beam_red,gen_beam_red,,projectile_light_red,projectile_light_red,,,,explosion_rocket_rose,explosion_rocket_rose,explosion_rocket_rose,,150,,,,,0,3,0,130,,,,,,,Gen_Trail_small,,true,,,,,true,true,true,,,,,,,,,,,,,,,,,,,,,,,,,,,,,,,,,,true,,40,,60,255,255,,,,,,,,,,,,,,,,,,,
RaidBossRocketProjectile,,480,sc/effects.sc,sc3d/brock_rocket_blue.scw,sc3d/brock_rocket_red.scw,,,shadow_normal_circle,,,,,,Gen_Very_Big_Explosion,Gen_Very_Big_Explosion,Gen_Very_Big_Explosion,,0,true,true,,,20,2,0,185,,RaidBossRocketBurn,,,,,Rocket_Trail,,,,,,UseZFrames,,,,,,,,,,,,,,,,,,,,,,,,,,,,,,,,,,,,,,,,,,,,,,,,,,,,,,,,,,,,,,
ShamanStarPowerProjectile,,3000,sc/effects_brawler.sc,,,nita_def_starP_core,nita_def_starP_core_red,,glow_normal_green,projectile_fire_red,,,,Mariachi_hit,Mariachi_hit,nita_def_starPower_hit,,0,,,,,0,1,0,100,,,,,,,rico_ulti_trail_twinkles,,,,,,,,,,,,,,,,,,,,,,,,,,,,,,,,,true,,,,,,,,,,,,,,,,,,,true,,,,,,,,,,,,,,,,
UndertakerStarPowerProjectile,,3000,sc/effects_brawler.sc,,,mortis_def_starPower_bat,mortis_def_starPower_bat_red,,glow_normal_green,projectile_fire_red,,,,Mariachi_hit,Mariachi_hit,nita_def_starPower_hit,,0,,,,,0,1,0,100,,,,,,,mortis_def_starPower_blood,,,,,,DoNotRotateClip,,,,,,,,,,,,,,,,,,,,,,,,,,,true,,,,,,,,,,,,,,,,,,,true,,,,,,,,,,,,,,,,
HammerDudeStarPowerProjectile,,3000,sc/effects_brawler.sc,,,frank_def_starP_core,frank_def_starP_core_red,,glow_normal_purple,projectile_fire_red,,,,Mariachi_hit,Mariachi_hit,frank_def_starPower_hit,,0,,,,,0,1,0,100,,,,,,,rico_ulti_trail_twinkles,,,,,,,,,,,,,,,,,,,,,,,,,,,,,,,,,true,,,,,,,,,,,,,,,,,,,true,,,,,,,,,,,,,,,,
RoboWarsBaseProjectile,,6000,sc/effects.sc,sc3d/siege_base_projectile_blue.scw,sc3d/siege_base_projectile_red.scw,,,shadow_normal_circle,,,,,,Gen_hit,Gen_hit,,,0,true,,,,1900,2,0,100,1,RoboWarsBaseExplosion,,,,,brock_def_atk_trail,,,,,,,,,,,,,,,,,,,,,,,,,,,,,,,,,,,,,,,,,,,,,,,,,,,,,,,true,,,,,,,,,,,,,
WhirlwindProjectile,,2348,sc/effects_brawler.sc,,,carl_def_atk_projectile,carl_def_atk_projectile_red,carl_def_atk_projectile_shadow,,,,,,Carl_hitEnv,Gen_hit,,,250,,,,,0,1,0,100,,,,,,,carl_def_atk_trail,true,,,,,DoNotRotateClip,true,,,,,,,,,,WhirlwindProjectile2,,,,,,,,,,,,,,,,,,,,,,,,,,,,,,,,,,,,true,,,,,,,,,,,,,,,
WhirlwindProjectile2,,2348,sc/effects_brawler.sc,,,carl_def_atk_projectile,carl_def_atk_projectile_red,carl_def_atk_projectile_shadow,,,,,,Gen_hit,Gen_hit,,,250,,,,,0,1,0,100,,,,,,,carl_def_atk_trail_return,true,,,,,DoNotRotateClip,true,,,,,,,,,,,,,,,,,,,,,,,,,,true,,,,,,,,,,,,,,,,,,,,true,,,,,,,,,,,,,,,
Carl002Projectile,WhirlwindProjectile,,sc/effects_brawler.sc,,,carl_002_atk_projectile,carl_002_atk_projectile_red,carl_002_atk_projectile_shadow,,,,,,Carl_hitEnv,Gen_hit,,,,,,,,0,,0,100,,,,,,,carl_def_atk_trail,true,,,,,DoNotRotateClip,,,,,,,,,,,Carl002Projectile2,,,,,,,,,,,,,,,,,,,,,,,,,,,,,,,,,,,,,,,,,,,,,,,,,,,
Carl002Projectile2,WhirlwindProjectile2,,sc/effects_brawler.sc,,,carl_002_atk_projectile,carl_002_atk_projectile_red,carl_002_atk_projectile_shadow,,,,,,Gen_hit,Gen_hit,,,,,,,,0,,0,100,,,,,,,carl_def_atk_trail_return,true,,,,,DoNotRotateClip,,,,,,,,,,,,,,,,,,,,,,,,,,,,,,,,,,,,,,,,,,,,,,,,,,,,,,,,,,,,,,
Carl003Projectile,WhirlwindProjectile,,sc/effects_brawler.sc,,,carl_003_atk_projectile,carl_003_atk_projectile_red,carl_003_atk_projectile_shadow,,,,,,Carl_hitEnv,Gen_hit,,,,,,,,0,,0,100,,,,,,,carl_def_atk_trail,true,,,,,DoNotRotateClip,,,,,,,,,,,Carl003Projectile2,,,,,,,,,,,,,,,,,,,,,,,,,,,,,,,,,,,,,,,,,,,,,,,,,,,
Carl003Projectile2,WhirlwindProjectile2,,sc/effects_brawler.sc,,,carl_003_atk_projectile,carl_003_atk_projectile_red,carl_003_atk_projectile_shadow,,,,,,Gen_hit,Gen_hit,,,,,,,,0,,0,100,,,,,,,carl_def_atk_trail_return,true,,,,,DoNotRotateClip,,,,,,,,,,,,,,,,,,,,,,,,,,,,,,,,,,,,,,,,,,,,,,,,,,,,,,,,,,,,,,
Carl004Projectile,WhirlwindProjectile,,sc/effects_brawler.sc,,,carl_004_atk_projectile,carl_004_atk_projectile_red,carl_003_atk_projectile_shadow,,,,,,carl_004_atk_hitEnv,carl_004_atk_hit,,,,,,,,0,,0,100,,,,,,,carl_004_atk_trail,true,,,,,DoNotRotateClip,,,,,,,,,,,Carl004Projectile2,,,,,,,,,,,,,,,,,,,,,,,,,,,,,,,,,,,,,,,,,,,,,,,,,,,
Carl004Projectile2,WhirlwindProjectile2,,sc/effects_brawler.sc,,,carl_004_atk_projectile,carl_004_atk_projectile_red,carl_003_atk_projectile_shadow,,,,,,carl_004_atk_hitEnv,carl_004_atk_hit,,,,,,,,0,,0,100,,,,,,,carl_004_atk_trail,true,,,,,DoNotRotateClip,,,,,,,,,,,,,,,,,,,,,,,,,,,,,,,,,,,,,,,,,,,,,,,,,,,,,,,,,,,,,,
Carl005Projectile,WhirlwindProjectile,,sc/effects_brawler.sc,,,carl_005_atk_projectile_blue,carl_005_atk_projectile_red,carl_003_atk_projectile_shadow,,,,,,carl_005_atk_hitEnv,carl_005_atk_hit,,,,,,,,0,,0,100,,,,,,,carl_005_atk_trail,true,,,,,DoNotRotateClip,,,,,,,,,,,Carl005Projectile2,,,,,,,,,,,,,,,,,,,,,,,,,,,,,,,,,,,,,,,,,,,,,,,,,,,
Carl005Projectile2,WhirlwindProjectile2,,sc/effects_brawler.sc,,,carl_005_atk_projectile_blue,carl_005_atk_projectile_red,carl_003_atk_projectile_shadow,,,,,,carl_005_atk_hitEnv,carl_005_atk_hit,,,,,,,,0,,0,100,,,,,,,carl_005_atk_trail_return,true,,,,,DoNotRotateClip,,,,,,,,,,,,,,,,,,,,,,,,,,,,,,,,,,,,,,,,,,,,,,,,,,,,,,,,,,,,,,
BaseballUltiProjectile,,3000,sc/effects_brawler.sc,,,bibi_def_ulti_projectile,bibi_def_ulti_projectile_red,shadow_normal_circle_huge,,,,,,bibi_def_ulti_hitEffect,bibi_def_ulti_hitEffect_char,bibi_def_ulti_reached,,250,,,,,0,3,0,100,,,,,,,bibi_def_ulti_trail,true,,true,,,DoNotRotateClip,true,,,,,,,,,,,,,,,,,10,,,,,,,,,,,,,,,,,,,,,,,,,,,,,,,,,,,,,,,,,,,,
Bibi002UltiProjectile,BaseballUltiProjectile,3000,sc/effects_brawler.sc,,,bibi_002_ulti_projectile,bibi_002_ulti_projectile_red,shadow_normal_circle_huge,,,,,,bibi_002_ulti_hitEnv,bibi_002_ulti_hit,bibi_002_ulti_reached,,250,,,,,0,3,0,100,,,,,,,bibi_002_ulti_trail,true,,true,,,DoNotRotateClip,true,,,,,,,,,,,,,,,,,10,,,,,,,,,,,,,,,,,,,,,,,,,,,,,,,,,,,,,,,,,,,,
Bibi003UltiProjectile,BaseballUltiProjectile,3000,sc/effects_brawler.sc,sc3d/bibi_003_ulti.scw,sc3d/bibi_003_ulti_red.scw,bibi_003_ulti_glow,bibi_003_ulti_glow_red,shadow_normal_circle_huge,,,,,,bibi_003_ulti_hitEnv,bibi_003_ulti_hit,bibi_003_ulti_hitEnv,,250,,,,,0,3,0,100,,,,,,,bibi_003_ulti_trail,true,,true,,,,true,,,,,,,,,,,,,,,,,10,,,,,,,,,,,,,,,,,,,,,,,,,,,,,,,,,,,,,,,,,,,,
TurretElecProj,,3478,sc/effects_brawler.sc,,,jessie_elecBall_blue,jessie_elecBall_red,,projectile_light,projectile_light_red,,,,Electricity_hit,Electricity_hit,electricity_end_blue,,0,,,,,0,2,0,80,,,,,,,,,,,,,,,,,,,,1,,,14,TurretElecProj2,,,,,,,,,,,,,,,,,,,,,,,,,,,,,,,,,,,,,,,,,,,,,,,,,,,
TurretElecProj2,,2000,sc/effects_brawler.sc,,,jessie_elecBall_blue,jessie_elecBall_red,,projectile_light,projectile_light_red,,,,Electricity_hit,Electricity_hit,electricity_end_blue,,0,,,,,0,2,0,80,,,,,,,,,,,,,,,,,,,,1,,,14,TurretElecProj3,,,,,,,,,,,,,,,,,,,,,,,,,,,,,,,,,,,,,,,true,,,,,,,,,,,,
TurretElecProj3,,2000,sc/effects_brawler.sc,,,jessie_elecBall_blue,jessie_elecBall_red,,projectile_light,projectile_light_red,,,,Electricity_hit,Electricity_hit,electricity_end_blue,,0,,,,,0,2,0,80,,,,,,,,,,,,,,,,,,,,,,,,,,,,,,,,,,,,,,,,,,,,,,,,,,,,,,,,,,,,,,,true,,,,,,,,,,,,
BlackHolePet2Projectile,,3000,sc/effects_brawler.sc,,,nita_def_starP_core,nita_def_starP_core_red,,glow_normal_green,projectile_fire_red,,,,Mariachi_hit,Mariachi_hit,nita_def_starPower_hit,,0,,,,,0,1,0,100,,,,,,,rico_ulti_trail_twinkles,,,,,,,,,,,,,,,,,,,,,,,,,,,,,,,,,true,,,,,,,,,,,,,,,,,,,true,,,,,,,,,,,,,,,,
BeeSniperProjectile,,3255,sc/effects_brawler.sc,,,bea_def_atk_projectile,bea_def_atk_projectile_red,shadow_normal_circle,,,,,,bea_def_atk_hitEnv,bea_def_atk_hit,bea_def_atk_hitEnv,,150,,,,,0,3,0,150,,,,,,,arcade_def_atk_trail,true,,,,,,,,,,,,,,,,,,,,,,,,,,,,,,,,,,,,,,,,,,,,,,,,,,,,,,,,,,,,,,,,,,,
BeeSniperChargedProjectile,,3255,sc/effects_brawler.sc,,,bea_def_atk2_projectile,bea_def_atk2_projectile_red,shadow_normal_circle,,,,,,bea_def_atk2_hitEnv,bea_def_atk2_hit,bea_def_atk2_hitEnv,,150,,,,,0,3,0,180,,,,,,,,true,,,,,,,,,,,,,,,,,,,,,,,,,,,,,,,,,,,,,,,,,,,,,,,,,,,,,,,,,,,,,,,,,,,
BeeSniperUltiProjectile,,2500,sc/effects_brawler.sc,,,bea_def_ulti_projectile,bea_def_ulti_projectile_red,gene_def_atk1_projecctile_shadow,,,,,,Gen_hit,bea_def_ulti_hit,bea_def_ulti_reached,,150,,,,,0,2,0,80,,,,,,,bea_def_atk_trail,true,,,,,,,,,,,,,,,,,,,,,,,,350,3000,,,,,,,,,,,,,,,,,,,,,,,,,,,,,,,,3,,,,,,,,,,
Bea002Projectile,BeeSniperProjectile,3255,sc/effects_brawler.sc,,,bea_002_atk_projectile,bea_002_atk_projectile_red,shadow_normal_circle,,,,,,bea_002_atk_reached,bea_def_atk_hit,bea_002_atk_reached,,150,,,,,0,3,0,150,,,,,,,brock_def_atk_trail,true,,,,,,,,,,,,,,,,,,,,,,,,,,,,,,,,,,,,,,,,,,,,,,,,,,,,,,,,,,,,,,,,,,,
Bea002ChargedProjectile,BeeSniperChargedProjectile,3255,sc/effects_brawler.sc,,,bea_002_atk2_projectile,bea_002_atk2_projectile_red,shadow_normal_circle,,,,,,bea_002_atk_reached,bea_def_atk_hit,bea_002_atk_reached,,150,,,,,0,3,0,180,,,,,,,brock_def_atk_trail,true,,,,,,,,,,,,,,,,,,,,,,,,,,,,,,,,,,,,,,,,,,,,,,,,,,,,,,,,,,,,,,,,,,,
Bea002UltiProjectile,BeeSniperUltiProjectile,2500,sc/effects_brawler.sc,,,bea_002_ulti_projectile,bea_002_ulti_projectile_red,,projectile_light,projectile_light_red,,,,bea_002_ulti_reached,bea_002_ulti_hit,bea_002_ulti_reached,,150,,,,,0,2,0,80,,,,,,,bea_def_atk_trail,true,,,,,,,,,,,,,,,,,,,,,,,,350,3000,,,,,,,,,,,,,,,,,,,,,,,,,,,,,,,,3,,,,,,,,,,
BeeProjectile,,4000,sc/effects.sc,,,Bullet_blue,Bullet_red,shadow_normal_circle,,,,,,Gen_hit,Gen_hit,no_hit,,0,,,,,0,2,0,100,,,,,,,,,,,,,,,,,,,,,,,,,,,,,,,,,,,,,,,,,,,,,,,,,,,,,,,,,,,,,,,,,,,,,,,,,,,
SandstormProjectile,,3500,sc/effects_brawler.sc,,,sandy_def_atk_projectile,sandy_def_atk_projectile,,,,,,,sandy_def_atk_reached,sandy_def_atk_hit,sandy_def_atk_reached,,200,,,,,0,4,0,80,2,,,,,,sandy_def_atk_trail,true,,,,,,true,,,,,,,,,,,,,,,,,,,,,,,,,,,,,,true,,,,,,,,,,,,,,,,,,,,,,,,,,,,,,,
SandstormUltiProjectile,,2000,sc/effects.sc,sc3d/sandy_def_ulti.scw,sc3d/sandy_def_ulti.scw,,,shadow_normal_circle,,,,,,Gen_hit,Gen_hit,sandy_def_ulti_explode,,0,true,,,,300,1,0,100,,Sandy_def_ulti,,,,,sandy_def_ulti_trail,true,,,,,DoNotRotateClip,,,,,,,,,,,,,,,,,,,,,,,,,,,,,,,,,,,,,,,,,,,,,,,,,,,,,,,,,,,,,,
Sandy002Projectile,SandstormProjectile,3500,sc/effects_brawler.sc,,,sandy_002_atk_projectile,sandy_002_atk_projectile_red,,,,,,,sandy_002_atk_reached,sandy_002_atk_hit,sandy_002_atk_reached,,200,,,,,0,4,0,80,2,,,,,,sandy_def_atk_trail,true,,,,,,true,,,,,,,,,,,,,,,,,,,,,,,,,,,,,,true,,,,,,,,,,,,,,,,,,,,,,,,,,,,,,,
Sandy002UltiProjectile,SandstormUltiProjectile,2000,sc/effects.sc,sc3d/sandy_def_ulti.scw,sc3d/sandy_def_ulti.scw,,,shadow_normal_circle,,,,,,Gen_hit,Gen_hit,sandy_def_ulti_explode,,0,true,,,,300,1,0,100,,Sandy_002_ulti,,,,,sandy_def_ulti_trail,true,,,,,DoNotRotateClip,,,,,,,,,,,,,,,,,,,,,,,,,,,,,,,,,,,,,,,,,,,,,,,,,,,,,,,,,,,,,,
TurretWaterProj,TurretElecProj,,sc/effects_brawler.sc,,,jessie_002_atk_projectile,jessie_002_atk_projectile_red,shadow_normal_circle_big,,,,,,jessie_002_turret_hitEnv,jessie_002_turret_hit,jessie_002_turret_hitEnv,,,,,,,0,,0,80,,,,,,,,,,,,,,,,,,,,,,,,TurretWaterProj2,,,,,,,,,,,,,,,,,,,,,,,,,,,,,,,,,,,,,,,,,,,,,,,,,,,
TurretWaterProj2,TurretElecProj2,,sc/effects_brawler.sc,,,jessie_002_atk_projectile,jessie_002_atk_projectile_red,shadow_normal_circle_big,,,,,,jessie_002_turret_hitEnv,jessie_002_turret_hit,jessie_002_turret_hitEnv,,,,,,,0,,0,80,,,,,,,,,,,,,,,,,,,,,,,,TurretWaterProj3,,,,,,,,,,,,,,,,,,,,,,,,,,,,,,,,,,,,,,,,,,,,,,,,,,,
TurretWaterProj3,TurretElecProj3,,sc/effects_brawler.sc,,,jessie_002_atk_projectile,jessie_002_atk_projectile_red,shadow_normal_circle_big,,,,,,jessie_002_turret_hitEnv,jessie_002_turret_hit,jessie_002_turret_hitEnv,,,,,,,0,,0,80,,,,,,,,,,,,,,,,,,,,,,,,,,,,,,,,,,,,,,,,,,,,,,,,,,,,,,,,,,,,,,,,,,,,,,,,,,,
MummyProjectile,,1500,sc/effects_brawler.sc,,,emz_def_atk_projectile,emz_def_atk_projectile_red,,,,,,,emz_def_atk_reached,emz_def_atk_hit,emz_def_atk_reached,,200,,,,,0,3,0,100,2,,,,,,emz_def_atk_trail,true,,,,,,true,,,,,,,,,,,,,,,,,7,,,,,35,125,,,,,,,true,,,true,,,,,,,,,,,,,,,,,,1,,,,,,,,,,
Emz002Projectile,MummyProjectile,1500,sc/effects_brawler.sc,,,emz_002_atk_projectile,emz_002_atk_projectile_red,,,,,,,emz_def_atk_reached,emz_002_atk_hit,emz_def_atk_reached,,200,,,,,0,3,0,100,2,,,,,,emz_002_atk_trail,true,,,,,,true,,,,,,,,,,,,,,,,,7,,,,,35,125,,,,,,,true,,,true,,,,,,,,,,,,,,,,,,1,,,,,,,,,,
BossRaceBossProjectile,,5000,sc/effects.sc,,,gen_beam_red,gen_beam_red,,projectile_light_red,projectile_light_red,,,,Gen_hit,Gen_hit,no_hit,,150,,,,,0,3,0,130,,,,,,,Gen_Trail_small,,true,,,,,,,,,,,,,,,,,,,,,,,,,,,,,,,,,,,,,,,,,,,,,,,,,,,,,,,,,,,,,,,,,,
BossRaceBossLightningProjectile1,,3500,sc/effects_brawler.sc,,,jessie_elecBall_blue,jessie_elecBall_red,,projectile_light,projectile_light_red,,,,Electricity_hit,Electricity_hit,electricity_end_blue,,250,,,,,0,3,0,250,,,,,,,electricity_Trail,true,,,,,,,,,,,,1,,,40,BossRaceBossLightningProjectile2,,,,,,,,,,,,,,,,,,,,,,,,,,,,,,,,,,,,,,,,,,,,,,,,,,,
BossRaceBossLightningProjectile2,,2700,sc/effects_brawler.sc,,,jessie_elecBall_blue,jessie_elecBall_red,,projectile_light,projectile_light_red,,,,Electricity_hit,Electricity_hit,electricity_end_blue,,250,,,,,0,1,0,250,,,,,,,electricity_Trail,true,,,,,,,,,,,,1,,,40,BossRaceBossLightningProjectile3,,,,,,,,,,,,,,,,,,,,,,,,,,,,,,,,,,,,,,,,,,,,,,,,,,,
BossRaceBossLightningProjectile3,,2700,sc/effects_brawler.sc,,,jessie_elecBall_blue,jessie_elecBall_red,,projectile_light,projectile_light_red,,,,Electricity_hit,Electricity_hit,electricity_end_blue,,250,,,,,0,1,0,250,,,,,,,electricity_Trail,true,,,,,,,,,,,,,,,,,,,,,,,,,,,,,,,,,,,,,,,,,,,,,,,,,,,,,,,,,,,,,,,,,,,
BossRaceBossRocketProjectile,,400,sc/effects_brawler.sc,sc3d/brock_rocket_blue.scw,sc3d/brock_rocket_red.scw,brock_def_ulti_tail_blue,brock_def_ulti_tail_red,shadow_normal_circle,,,,,,Gen_hit,Gen_hit,,,0,true,true,,,10,2,0,150,,BossRaceBossRocketExplosion,BossRaceBossRocketBurn,,,,brock_def_ulti_trail,true,,,,,UseZFrames,,,,,,,,,,,,,,,,,,,,,,,,,,,,,,,,,,,,,,,,,,,,,,,,,,,,,,,,,,,,,,
SpawnerDudeProjectile,,3000,sc/effects_brawler.sc,sc3d/mrp_def_atk1.scw,sc3d/mrp_def_atk1_red.scw,mrp_def_atk_projectile,mrp_def_atk_projectile_red,shadow_normal_circle_big,,,,,,electricity_end_blue,electricity_end_blue,mrp_def_atk1_reached,,200,,,,,0,2,0,350,,,,,,,mrp_def_atk_trail,true,,,,,UseZFrames,,,,,,,,1,,10,SpawnerDudeIndirectProjectile,3,,,,,,,,,,,,,,,,,,,,,,,,,,,,,,,,,,,,,,,,,,,,,,,,,,
SpawnerDudeIndirectProjectile,,1000,sc/effects_brawler.sc,sc3d/mrp_def_atk2.scw,sc3d/mrp_def_atk2_red.scw,mrp_def_atk2_projectile,mrp_def_atk2_projectile_red,shadow_normal_circle_big,,,,,,Gen_hit,Gen_hit,mrp_def_atk2_reached,,0,true,true,600,35,400,,0,350,,TntDudeExplosion,,,,,fire_spark_trail_lot,true,,,,,,,,,,,,,,,,,,,,,,,,,,,,,,,,,,,,,,,,,,,,,,,,,,1000,,,,,,,,,,,,,,,,,
SpawnerDudeUltiProjectile,,1196,sc/effects_brawler.sc,,,mrp_def_ulti_projectile,mrp_def_ulti_projectile_red,shadow_normal_circle,,,,,,Gen_hit,Gen_hit,,,0,true,,,,139,1,0,100,,,,,,,plasma_trail,true,,,,,DoNotRotateClip,,,,,,,,,,,,,,,,,,,,,,,,,,,,,,,,,,,,,,,,,,,,,,,,,,,,,,,,,,,,,,
SpeedyProjectile,,4000,sc/effects_brawler.sc,,,max_def_atk_projectile,max_def_atk_projectile_red,,projectile_light,projectile_light_red,,,,max_def_atk_reachaed,max_def_atk_hit,max_def_atk_reachaed,,50,,,,,0,2,0,130,,,,,,,max_def_atk_trail,true,,,,,,,,,,,,,,,,,,,,,,,,,,,,,,,,,,,,,,,,,,,,,,,,,,,,,,,,,,,,,,,,,,,
Max002Projectile,SpeedyProjectile,4000,sc/effects_brawler.sc,,,max_002_atk_projectile,max_002_atk_projectile_red,shadow_normal_circle,,,,,,max_002_atk_reachaed,max_002_atk_hit,max_002_atk_reachaed,,50,,,,,0,2,0,130,2,,,,,,,true,,,,,,,,,,,,,,,,,,,,,,,,,,,,,,,,,,,,,,,,,,,,,,,,,,,,,,,,,,,,,,,,,,,
HomerProjectile,,2500,sc/effects_brawler.sc,,,crow_def_atk_projectile,crow_def_atk_projectile_red,shadow_normal_circle,glow_normal_green,projectile_fire_red,,,,sniper_hit,sniper_hit,no_hit,,150,,,,,0,1,0,150,,,,,,,Gen_Trail_dust,true,,,,,,,,,,,,,,,,,,,,,,,,,,,,,,,,,,,,,,,,,,,,,,,,,,,,,,,,,4,2,10,8,40,,,,,,
HomerUltiProjectile,,1196,sc/effects_brawler.sc,,,nita_def_ulti_projectile_blue,nita_def_ulti_projectile_red,shadow_normal_circle,,,,,,Gen_hit,Gen_hit,,,0,true,,,,170,1,0,100,,,,,,,nita_def_ulti_trail,true,,,,,,,,,,,,,,,,,,,,,,,,,,,,,,,,,,,,,,,,,,,,,,,,,,,,,,,,,,,,,,,,,,,
DummyProjectileForCTF,,2499,sc/effects.sc,,,projectile_small_blue,projectile_small_red,,projectile_light,projectile_light_red,,,,Gen_hit,Gen_hit,no_hit,,0,true,true,,,700,1,0,100,,,,,,,Gen_Trail_small,true,,,,,,,,,,,,,,,,,,,,,,,,,,,,,,,,,,,,,,,,,,,,,,,,,,,,,,,,,,,,,,,,,,,
SpawnerPetProjectile,,2500,sc/effects_brawler.sc,,,rico_def_atk_bullet_blue,rico_def_atk_bullet_red,shadow_normal_circle,,,,,,Gen_hit,Gen_hit,,,100,,,,,0,,0,130,,,,,,,rico_003_atk_trail,,,,,,,,,,,,,,,,,,,,,,,,,,,,,,,,,,,,,,,true,,,,,,,,,,,,,,,,,,,,,,,,,,,,,
BlowerProjectile,,3000,sc/effects_brawler.sc,,,gale_def_atk_projectile,gale_def_atk_projectile_red,shadow_normal_circle_big,,,,,,gale_def_atk_reached,jessie_002_turret_hit,gale_def_atk_reached,,50,,,,,0,2,0,60,1,,,,,,gale_def_atk_trail,,,,,,,,,,,,,,,,,,,,,,,,,,,,,,,,,,,,,,,,,,,,,,,,,,,,,,,,,,,,,,,,,,,,
BlowerUltiProjectile,,5000,sc/effects_brawler.sc,,,gale_def_ulti_projectile,gale_def_ulti_projectile_red,,,,,,,gale_def_ulti_reached,gale_def_ulti_hit,gale_def_ulti_reached,,150,,,,,0,1,0,40,1,,,,,,gale_def_ulti_trail,true,,,,,,true,,,450,true,true,,,,,,,,,,,,,,,,,,,,,true,,,,true,,,,,,,,,,,,,,,,,,,,,,,,,,,,,,,
Gale002Projectile,BlowerProjectile,3000,sc/effects_brawler.sc,,,gale_002_atk_projectile,gale_002_atk_projectile_red,shadow_normal_circle_big,,,,,,gale_002_atk_hitEnv,gale_002_atk_hit,gale_002_atk_reached,,100,,,,,0,2,0,60,2,,,,,,gale_002_atk_trail,,,,,,,,,,,,,,,,,,,,,,,,,,,,,,,,,,,,,,,,,,,,,,,,,,,,,,,,,,,,,,,,,,,,
Gale002UltiProjectile,BlowerUltiProjectile,5000,sc/effects_brawler.sc,,,gale_002_ulti_projectile,gale_002_ulti_projectile_red,,,,,,,gale_002_ulti_reached,gale_002_ulti_hit,gale_002_ulti_reached,,150,,,,,0,1,0,40,1,,,,,,gale_002_ulti_trail,true,,,,,,true,,,350,true,true,,,,,,,,,,,,,,,,,,,,,true,,,,true,,,,,,,,,,,,,,,,,,,,,,,,,,,,,,,
Gale003Projectile,BlowerProjectile,3000,sc/effects_brawler.sc,,,gale_003_atk_projectile,gale_003_atk_projectile_red,shadow_normal_circle_big,,,,,,gale_003_atkEnv,gale_003_atkHit,gale_003_atkEnd,,100,,,,,0,2,0,100,2,,,,,,gale_003_atk_trail,,,,,,,,,,,,,,,,,,,,,,,,,,,,,,,,,,,,,,,,,,,,,,,,,,,,,,,,,,,,,,,,,,,,
Gale003UltiProjectile,BlowerUltiProjectile,5000,sc/effects_brawler.sc,,,gale_003_ulti_projectile,gale_003_ulti_projectile_red,,,,,,,gale_003_ulti_reached,gale_003_ultiHit,gale_003_ulti_reached,,150,,,,,0,1,0,40,2,,,,,,gale_003_ulti_trail,true,,,,,,true,,,350,true,true,,,,,,,,,,,,,,,,,,,,,true,,,,true,,,,,,,,,,,,,,,,,,,,,,,,,,,,,,,
WallyProjectile,,1700,sc/effects_brawler.sc,,,sprout_def_atk1_projectile,sprout_def_atk1_projectile_red,shadow_normal_circle_big,,,,,,,,sprout_def_atk1_hit,,50,true,true,,,300,1,0,130,,,,,,,sprout_def_atk1_trail,true,,,,,DoNotRotateClip,,,,,,,,1,,10,WallySecondaryProjectile,2,,,,,,,,,,,,,,,,,,,,,,,,,,,,,,,,,1000,,,,,,,,,,,,true,,,,,
WallySecondaryProjectile,,1700,sc/effects_brawler.sc,,,sprout_def_atk2_projectile,sprout_def_atk2_projectile_red,dynamike_tnt_shadow,,,,,,,,,,151,,,,20,300,,0,130,,WallyExplosion,,,,,rico_003_atk_trail,true,,true,500,2,DoNotRotateClip,,,,,,,,,,,,,,,,,,,,,,,,,,,,,,,,,,,,,,,,,,,,,,,,,,,,,,,,,,,,,,
WallyUltiProjectile,,1739,sc/effects_brawler.sc,,,sprout_def_ulti_projectile,sprout_def_ulti_projectile_red,shadow_normal_circle,,,,,,Gen_hit,Gen_hit,,,0,true,,,,240,1,0,100,,WallyUltiArea,,,,,sprout_def_ulti_trail,true,,,,,DoNotRotateClip,,,,,,,,,,,,,,,,,,,,,,,,,,,,,,,,,,,,,,,,,,,,,,,,,,,,,,,,,,,,,,
Sprout002Projectile,WallyProjectile,1700,sc/effects_brawler.sc,,,sprout_002_atk1_projectile,sprout_002_atk1_projectile_red,shadow_normal_circle_big,,,,,,,,sprout_002_atk1_hit,,50,true,true,,,300,1,0,130,2,,,,,,sprout_002_atk_trail,true,,,,,DoNotRotateClip,,,,,,,,1,,10,Sprout002SecondaryProjectile,2,,,,,,,,,,,,,,,,,,,,,,,,,,,,,,,,,1000,,,,,,,,,,,,,,,,,
Sprout002SecondaryProjectile,WallySecondaryProjectile,1700,sc/effects_brawler.sc,,,sprout_002_atk2_projectile,sprout_002_atk2_projectile_red,dynamike_tnt_shadow,,,,,,,,,,151,,,,20,300,,0,130,,Sprout_002_atk,,,,,rico_003_atk_trail,true,,true,,,DoNotRotateClip,,,,,,,,,,,,,,,,,,,,,,,,,,,,,,,,,,,,,,,,,,,,,,,,,,,,,,,,,,,,,,
Sprout002UltiProjectile,WallyUltiProjectile,1739,sc/effects_brawler.sc,sc3d/sprout_002_ulti_projectile.scw,sc3d/sprout_002_ulti_projectile_red.scw,sprout_002_ulti_projectile,sprout_002_ulti_projectile_red,shadow_normal_circle,,,,,,Gen_hit,Gen_hit,,,0,true,,,,240,1,0,100,,Sprout_002_ulti,,,,,sprout_002_ulti_trail,true,,,,,,,,,,,,,,,,,,,,,,,,,,,,,,,,,,,,,,,,,,,,,,,,,,,,,,,,,,,,,,,,,,,
BarrelBotSpinProjectile,,3044,sc/effects_brawler.sc,,,darryl_def_gadget_bullet,darryl_def_gadget_bullet_red,shadow_normal_circle,,,,,,Gen_hit,Gen_hit,bull_def_atk_reached,,100,,,,,0,,0,100,,,,,,,,true,,,,,,,,,,,,,,,,,,,,,,,,,,,,,,,,,,,,,,,,,,,,,,,,,,,,,,,,,,,,,,,,,,,
PiperHandgunProjectile,,4000,sc/effects_brawler.sc,,,gadget_piper_handgun,gadget_piper_handgun_red,shadow_normal_circle,,,,,,gadget_piper_handgun_hit,gadget_piper_handgun_hit,colt_def_atk_reached,,50,,,,,0,3,0,100,,,,,,,gadget_piper_handgun_trail,true,,,,,,,,,70,,,,,,,,,,,,,,,350,1000,,,,,,,,,,,,,,,,,,,,,,,,,,,,,,,1,,,,,,,,,,,
ControllerUltiProjectile,,2500,sc/effects_brawler.sc,sc3d/nani_def_ulti.scw,sc3d/nani_def_ulti_red.scw,,,,glow_normal_blue_small,glow_normal_red_small,,,,sniper_hit,sniper_hit,no_hit,nani_def_ulti_cancel,150,,,,,0,1,0,150,,ControllerUltiExplosion,,,,,nani_def_ulti_trail,true,,,,,,,,,,,,,,,,,,,,,,,,,,,,,,,,,,,,,,,,,,,,,,,,,,,,,,,,,5,7,10,,200,,,,,,
ControllerProjectile,,4000,sc/effects_brawler.sc,,,nani_def_atk_projectile,nani_def_atk_projectile_red,,glow_normal_blue_small,glow_normal_red_small,,,,nani_def_atk_reached,nani_def_atk_hit,nani_def_atk_reached,,40,,,,,0,0,0,60,1,,,,,,nani_def_atk_trail,,,,,,,,,,,,,,,,,,,,,,,,,,,,,,,,,,,,,,,,,,,,,,,,,,,,,,,,,,6,,,,,,,,,,
Nani003Projectile,ControllerProjectile,4000,sc/effects_brawler.sc,,,nani_003_atk_projectile,nani_003_atk_projectile_red,,glow_normal_blue_small,glow_normal_red_small,,,,nani_def_atk_reached,nani_def_atk_hit,nani_def_atk_reached,,40,,,,,0,0,0,60,2,,,,,,nani_003_atk_trail,,,,,,,,,,,,,,,,,,,,,,,,,,,,,,,,,,,,,,,,,,,,,,,,,,,,,,,,,,6,,,,,,,,,,
Nani002UltiProjectile,ControllerUltiProjectile,2500,sc/effects_brawler.sc,sc3d/nani_002_ulti.scw,sc3d/nani_002_ulti_red.scw,,,,glow_normal_blue_small,glow_normal_red_small,,,,sniper_hit,sniper_hit,no_hit,nani_def_ulti_cancel,150,,,,,0,1,0,150,,ControllerUltiExplosion,,,,,nani_def_ulti_trail,true,,,,,,,,,,,,,,,,,,,,,,,,,,,,,,,,,,,,,,,,,,,,,,,,,,,,,,,,,5,7,10,,200,,,,,,
Nani003UltiProjectile,ControllerUltiProjectile,2500,sc/effects_brawler.sc,sc3d/nani_003_ulti.scw,sc3d/nani_003_ulti_red.scw,,,shadow_normal_circle,,,,,,sniper_hit,sniper_hit,no_hit,nani_def_ulti_cancel,150,,,,,0,1,0,150,,ControllerUltiExplosion,,,,,nani_003_ulti_trail,true,,,,,,,,,,,,,,,,,,,,,,,,,,,,,,,,,,,,,,,,,,,,,,,,,,,,,,,,,5,7,10,,200,,,,,,
CactusSpikeGadget,,3261,sc/effects_brawler.sc,,,spike_def_gadget_projectile,spike_def_gadget_projectile_red,shadow_normal_circle,,,,,,Gen_hit,Gen_hit,spike_def_atk2_reached,,50,,,,,0,1,0,100,,,,,,,,true,,,,,,,,,,,,,,,,,,,,,,,,,,,,,,,,,,,,,,,,,,,,,,,,,,,,,,,,,,,,,,,,,,,
TrickshotDudeGadgetProjectile,,4891,sc/effects_brawler.sc,,,rico_def_gadget_bullet_blue,rico_def_gadget_bullet_red,shadow_normal_circle,,,,,,Trickshot_hit_env,Gen_hit,rico_def_ulti_reached,,101,,,,,0,3,0,130,,,,,,,rico_ulti_trail_twinkles,true,,true,500,6,,true,,,,,,,,,,,,,,,,,,,,,,,,,,,,,,,,true,,,,,,,,,,,,,,,,,,,,,,,,,,,,,
PowerLevelerProjectile,,3500,sc/effects_brawler.sc,,,surge_def_atk1_projectile,surge_def_atk1_projectile_red,,glow_normal_green,glow_normal_red_small_2,,,,surge_def_atk1_end,surge_def_atk1_hit,surge_def_atk1_end,,150,,,,,0,2,0,120,,,,,,,surge_def_atk1_trail,true,,,,,,,,,,,,,2,,12,PowerLevelerProjectile2,0,,,,,,,,,,,,,,,,,,,,,,,,,,,,,,,,,,,,,,,,7,,,,,,,,,,
PowerLevelerProjectile2,,3000,sc/effects_brawler.sc,,,surge_def_atk2_projectile,surge_def_atk2_projectile_red,,glow_normal_green,glow_normal_red_small_2,,,,surge_def_atk2_end,surge_def_atk1_hit,surge_def_atk2_end,,150,,,,,0,2,0,120,,,,,,,surge_def_atk2_trail,true,,,,,,,,,,,,,,,,,,,,,,,,,,,,,,,,,,,,,,,,,,,,,,,,,,,,,,,,,,,,,,,,,,,
RaidBossTCBasicAttackProjectile,,2500,sc/effects_brawler.sc,,,,,,,,,,,,Lucha_hit,,,200,,,,,0,0,0,80,,,,,,,,,,,,,UseZFrames,true,true,true,,,,,,,,,,,,,,,,,,,,,,,,,,,,,,,,,,,,,,,,,,,,,,,,,,,,,,,,,,,
BarkeepHealingProjectile,,1000,sc/effects_brawler.sc,,,barley_def_heal_projectile,barley_def_heal_projectile_red,shadow_normal_circle,,,,,,Gen_hit,Gen_hit,,,0,true,true,,,150,1,0,100,1,BarkeepHealingArea,,,,,gadget_barley_heal_trail,true,,,,,,,,,,,,,,,,,,,,,,,,,,,,,,,,,,,,,,,,,,,,,,,,,,,,,,,,,,,,,,,,,,,
SniperHomingProjectile,,4000,sc/effects.sc,,,sniper_bullet_blue,sniper_bullet_red,shadow_normal_circle,,,,,,sniper_hit,sniper_hit,no_hit,,101,,,,,0,3,0,100,,,,,,,Sniper_Trail,true,,,,,,,,,,,,,,,,,,25,100,0,850,,,,,,,,,,,,,,,,,true,,,,,,,,,,,,,,,,,,,4,3,7,8,17,,,,,,
PercenterProjectile,,4000,sc/effects_brawler.sc,,,colette_def_atk_projectile,colette_def_atk_projectile_red,shadow_normal_circle,,,,,,colette_def_atk_reached,colette_def_atkHit,colette_def_atk_reached,,150,,,,,0,2,0,130,2,,,,,,colette_def_atk_trail,true,,,,,DoNotRotateClip,,,,,,,,,,,,,,,,,,,,,,,,,,,,,,,,,,,,,,,,,,,,,,,,,,,,,,,,,,,,,,
Colette002Projectile,PercenterProjectile,4000,sc/effects_brawler.sc,,,colette_002_atk_projectile,colette_002_atk_projectile_red,,glow_normal_purple_weak,glow_normal_red_weak,,,,colette_002_atk_reached,colette_def_atkHit,colette_002_atk_reached,,150,,,,,0,2,0,130,2,,,,,,colette_002_atk_trail,true,,,,,DoNotRotateClip,,,,,,,,,,,,,,,,,,,,,,,,,,,,,,,,,,,,,,,,,,,,,,,,,,,,,,,,,,,,,,
Colette003Projectile,PercenterProjectile,4000,sc/effects_brawler.sc,,,colette_003_atk_projectile,colette_003_atk_projectile_red,,glow_normal_purple_weak,glow_normal_red_weak,,,,colette_003_atkEnd,colette_003_atkHit,colette_003_atkEnd,,150,,,,,0,2,0,130,2,,,,,,colette_003_atk_trail,true,,,,,DoNotRotateClip,,,,,,,,,,,,,,,,,,,,,,,,,,,,,,,,,,,,,,,,,,,,,,,,,,,,,,,,,,,,,,
FireDudeProjectile,,3500,sc/effects_brawler.sc,,,amber_def_atk_projectile,amber_def_atk_projectile_red,,,,,,,amber_def_atk_reached,amber_def_atkHit,amber_def_atk_reached,,200,,,,,0,2,0,100,2,,,,,,amber_def_atk_trail,true,,,,,,true,,,,,,,,,,,,,,,,,,,,,,10,100,,,,,,,,,,,,,,,,,,,,,,,,,,,,,,,,,,1,,,,
FireDudeUltiProjectile,,1750,sc/effects_brawler.sc,,,amber_def_ulti_projectile,amber_def_ulti_projectile_red,shadow_normal_circle,,,,,,Gen_hit,Gen_hit,,,0,true,,,,240,1,0,100,1,PetrolDistributionArea,,,,PetrolDistributionTrail,amber_def_ulti_trail,true,,,,,,,,,,,,,,,,,,,,,,,,,,,,,,,,,,,,,,,,,,,,,,,,,,,,,,,,,,,,,,,,,,,
ArcadeStarPowerProjectile,,3600,sc/effects_brawler.sc,,,gen_particle_empty,gen_particle_empty,,,,,,,,,,,0,,,,,0,1,0,10,,,,,,,gadget_arcade_plugged,,,,,,,,,,,,,,,,,,,,,,,,,,,,true,,,,,,,,,,,,,,,,,true,,,,,,,,,,,,,,,,,,,,,,,
BeeSniperCirclingProjectile,,500,sc/effects_brawler.sc,,,gadget_bea_circlingBea,jessie_elecBall_red,shadow_normal_circle,,,,,,bea_def_atk2_hitEnv,gadget_bea_circlingBea_hit,bea_def_atk2_hitEnv,,200,,,,,0,10,0,100,,,,,,,gadget_bea_circlingBea_trail,true,,,,DoNotRotateClip,true,,,,,,,,,,,,25,100,,,,,,,,,true,,,,,,,,,,,,,,,,,,,,,,,8,,,,100,,,8,,,,110,,,,,,
RocketGirlGadgetProjectile,,3500,sc/effects_brawler.sc,sc3d/gadget_brock_rocket.scw,sc3d/gadget_brock_rocket_red.scw,,,shadow_normal_circle,,,,,,Gen_hit,Gen_hit,,,150,,,,,0,1,0,80,,BrockAttackAreaGadget,,,,,gadget_brock_rocket_tail,true,,,,UseZFrames,,,,,,,,,,,,,,,,,,,,,,,,,,,,,,,,,,,,,,,,,,,,,,,,,,,,,,,,,,,,,,,
GunslingerBigProjectile,,3804,sc/effects_brawler.sc,,,gadget_colt_bullet,gadget_colt_bullet_red,shadow_normal_circle,,,,,,Gen_hit,Gen_hit,colt_def_atk_reached,,100,,,,,0,2,0,260,,,,,,,bo_003_ulti_trail,true,,,,,true,true,true,,,,,,,,,,,,,,,,,,,,,,,,,,,,,,,,,,,,,,,,,,,,,,,,,,,,,,,,,,,,
IceDudeUltiProjectile,,1739,sc/effects_brawler.sc,,,lou_def_ulti_projectile,lou_def_ulti_projectile_red,shadow_normal_circle,,,,,,lou_def_ulti_hit,lou_def_ulti_hit,lou_def_ulti_hit,,0,true,,,,240,1,0,100,,IceDudeUltiArea,,,,,lou_def_ulti_trail,true,,,,,,,,,,,,,,,,,,,,,,,,,,,,,,,,,,,,,,,,,,,,,,,,,,,,,,,,,,,,,,,,,,,
IceDudeProjectile,,4000,sc/effects_brawler.sc,,,lou_def_atk_projectile,lou_def_atk_projectile_red,shadow_normal_circle,,,,,,lou_def_atk_reached,lou_def_atk_hit,lou_def_atk_reached,,50,,,,,0,2,0,130,2,,,,,,gale_def_atk_trail,true,,,,,,,,,,,,,,,,,,,,,,,,,,1000,143,,,,,,,,,,,,,,,,,,,,,,,,,,,,,,,,,,,,,,,,
Lou002UltiProjectile,IceDudeUltiProjectile,1739,sc/effects_brawler.sc,,,lou_002_ulti_projectile,lou_002_ulti_projectile_red,shadow_normal_circle,,,,,,lou_002_ulti_hit,lou_002_ulti_hit,lou_002_ulti_hit,,0,true,,,,240,1,0,100,,IceDudeKingUltiArea,,,,,lou_def_ulti_trail,true,,,,,,,,,,,,,,,,,,,,,,,,,,,,,,,,,,,,,,,,,,,,,,,,,,,,,,,,,,,,,,,,,,,
Lou002Projectile,IceDudeProjectile,4000,sc/effects_brawler.sc,,,lou_002_atk_projectile,lou_002_atk_projectile_red,shadow_normal_circle,,,,,,lou_002_atk_reached,lou_002_atk_hit,lou_002_atk_reached,,50,,,,,0,2,0,130,2,,,,,,lou_002_atk_trail,true,,,,,,,,,,,,,,,,,,,,,,,,,,1000,143,,,,,,,,,,,,,,,,,,,,,,,,,,,,,,,,,,,,,,,,
Lou003UltiProjectile,IceDudeUltiProjectile,1739,sc/effects_brawler.sc,,,lou_003_ulti_projectile,lou_003_ulti_projectile_red,shadow_normal_circle,,,,,,lou_003_ulti_hit,lou_003_ulti_hit,lou_003_ulti_hit,,0,true,,,,240,1,0,100,,IceDudeValentineUltiArea,,,,,lou_003_ulti_trail,true,,,,,,,,,,,,,,,,,,,,,,,,,,,,,,,,,,,,,,,,,,,,,,,,,,,,,,,,,,,,,,,,,,,
Lou003Projectile,IceDudeProjectile,4000,sc/effects_brawler.sc,,,lou_003_atk_projectile,lou_003_atk_projectile_red,shadow_normal_circle,,,,,,lou_003_atk_reached,lou_003_atk_hit,lou_003_atk_reached,,50,,,,,0,2,0,130,2,,,,,,lou_003_atk_trail,true,,,,,,,,,,,,,,,,,,,,,,,,,,1000,143,,,,,,,,,,,,,,,,,,,,,,,,,,,,,,,,,,,,,,,,
SnakeOilProjectile,,4000,sc/effects_brawler.sc,,,byron_def_atk_projectile,byron_def_atk_projectile_red,shadow_normal_circle,,,,,,byron_def_atk_hitEnv,byron_def_atk_hit,byron_def_atk_hitEnv,,150,,,,,0,1,0,150,,,,,,,byron_def_atk_trail,true,,,,,,,,,,,,,,,,,,,,,,,,,,,,,,,,,200,,,,,,,,,,,,,,,,,,,,,,,4,,,,,,,2,,,,
SnakeOilUltiProjectile,,2000,sc/effects_brawler.sc,,,byron_def_ulti_projectile,byron_def_ulti_projectile_red,shadow_normal_circle,,,,,,Gen_hit,Gen_hit,,,0,true,,,,330,1,0,100,,SnakeOilUltiExplosion,,,,,byron_def_ulti_trail,true,,,,,DoNotRotateClip,,,,,,,,,,,,,,,,,,,,,,,,,,,,,,,,,,,,,,,,,,,,,,,,,,,,,,,,,,,,,,
EnragerProjectile,,3500,sc/effects_brawler.sc,,,edgar_def_atk,edgar_def_atk_red,,,,,,,,edgar_def_atkHit,,,300,,,,,0,0,0,80,,,,,,,edgar_def_atk_trail,true,,,,,UseZFrames,true,,,,,,,,,,,,,,,,,,,,,,,,,25,,,,,,,,true,,,,,,,,,,,,,,,,,,,,,,,,,,,,
RuffsProjectile,,3500,sc/effects_brawler.sc,,,ruffs_def_atk_projectile,ruffs_def_atk_projectile_red,shadow_normal_circle,,,,,,ruffs_def_atkEnv,ruffs_def_atkHit,ruffs_def_atkEnv,,70,,,,,0,3,0,130,,,,,,,ruffs_def_atk_trail,true,,true,500,1,,,,,,,,,,,,,,,,,,,,,,,,,,,,,,,,,,true,,,,,,,,,,,,,,,,,,,,,,,,,,,,,
RuffsUltiProjectile,,1700,sc/effects_brawler.sc,,,ruffs_def_ulti_projectile,ruffs_def_ulti_projectile_red,shadow_normal_circle,,,,,,,,,,0,true,,,,240,1,0,100,,RuffsUltiSpawner,RuffsEpicDamage,,,ruffs_def_ulti_trail,true,,,,,,,,,,,,,,,,,,,,,,,,,,,,,,,,,,,,,,,,,,,,,,,,,,,,,,,,,,,,,,,,,,,,
Ruffs002Projectile,RuffsProjectile,3500,sc/effects_brawler.sc,,,ruffs_002_atk_projectile,ruffs_002_atk_projectile_red,shadow_normal_circle,,,,,,ruffs_def_atkEnv,ruffs_def_atkHit,ruffs_def_atkEnv,,70,,,,,0,3,0,130,2,,,,,ruffs_002_atk_trail,true,,true,500,,,,,,,,,,,,,,,,,,,,,,,,,,,,true,,,,,,,,,,,,,,,,,,,,,,,,,,,,,,,,,,,,,
Ruffs002UltiProjectile,RuffsUltiProjectile,1700,sc/effects_brawler.sc,,,ruffs_002_ulti_projectile,ruffs_002_ulti_projectile_red,shadow_normal_circle,,,,,,,,,,0,true,,,,240,1,0,100,,RuffsUltiSpawner002,RuffsEpicDamage,,,ruffs_def_ulti_trail,true,,,,,,,,,,,,,,,,,,,,,,,,,,,,,,,,,,,,,,,,,,,,,,,,,,,,,,,,,,,,,,,,,,,,
Ruffs003Projectile,RuffsProjectile,3500,sc/effects_brawler.sc,,,ruffs_003_atk_projectile,ruffs_003_atk_projectile_red,shadow_normal_circle,,,,,,ruffs_003_atk_hitEnv,ruffs_003_atk_hit,ruffs_003_atk_end,,70,,,,,0,3,0,130,2,,,,,ruffs_003_atk_trail,true,,true,500,,,,,,,,,,,,,,,,,,,,,,,,,,,,true,,,,,,,,,,,,,,,,,,,,,,,,,,,,,,,,,,,,,
Ruffs003UltiProjectile,RuffsUltiProjectile,1700,sc/effects_brawler.sc,,,ruffs_003_ulti_projectile,ruffs_003_ulti_projectile_red,shadow_normal_circle,,,,,,,,,,0,true,,,,240,1,0,100,,Ruffs003SupplySpawn,RuffsEpicDamage,,,ruffs_003_ulti_trail,true,,,,,,,,,,,,,,,,,,,,,,,,,,,,,,,,,,,,,,,,,,,,,,,,,,,,,,,,,,,,,,,,,,,,
Enrager002Projectile,EnragerProjectile,3500,sc/effects_brawler.sc,,,edgar_002_atk,edgar_002_atk_red,,,,,,,,edgar_def_atkHit,,,300,,,,,0,0,0,80,,,,,,edgar_002_atk_trail,true,,,,UseZFrames,true,,,,,,,,,,,,,,,,,,,,,25,,,,,,true,,,,,,,,,,,,,,,,,,,,,,,,,,,,,,,,,,,,
GeneHomingProjectile,,2500,sc/effects_brawler.sc,,,gadget_gene_homing,gadget_gene_homing_red,shadow_normal_circle,,,,,,Gen_hit,Gen_hit,,,50,,,,,1900,2,0,100,1,,,,,gadget_gene_homing_trail,true,,,,,,,,,,,,,,,,,25,100,,,,,,,,,,,,,,,,,,,,,,,,,,,,,,,,9,4,2,8,40,,,,,,,,,,,,,,
NaniBounceProjectile,,6000,sc/effects_brawler.sc,,,gadget_nani_shield_missile,gadget_nani_shield_missile_red,shadow_normal_circle,,,,,,Gen_hit,Gen_hit,,,0,true,,,,1900,2,0,100,1,RoboWarsBaseExplosion,,,,gadget_nani_reflect_trail,true,,,,,,,,,,,,,,,,,,,,,,,,,,,,,,,,,,,,,,,,,,,,,,,true,,,,,,,,,,,,,,,,,,,,,
RuffsCerberProjectile,RuffsProjectile,3500,sc/effects_brawler.sc,,,stu_def_atk_projectile,stu_def_atk_projectile_red,shadow_normal_circle,,,,,,Gen_hit,nani_def_atk_hit,max_def_atk_reachaed,,70,,,,,0,3,0,130,2,,,,,ruffs_002_atk_trail,true,,true,500,,,,,,,,,,,,,,,,,,,,,,,,,,,,true,,,,,,,,,,,,,,,,,,,,,,,,,,,,,,,,,,,,,
,,,,,,,,,,,,,,,,,,,,,,,,,,,,,,,,,,,,,,,,,,,,,,,,,,,,,,,,,,,,,,,,,,,,,,,,,,,,,,,,,,,,,,,,,,,,,,,,,,,,,